Mineral,Mineral_formula,Sorbate,Reference,Set,SetID,electrolyte_sig,pH,ionic_strength,response,temp,mineralsites
goethite,alpha-FeOOH,Se(+4),bc87,bc87_f6e,1,C(+4)+Cl(-1)+K(+1),7.8,0.103729968,1.03291e-06,,2.31
goethite,alpha-FeOOH,Se(+4),bc87,bc87_f6e,2,C(+4)+Cl(-1)+K(+1),7.8,0.107838816,1.01555e-06,,2.31
goethite,alpha-FeOOH,Se(+4),bc87,bc87_f6e,3,C(+4)+Cl(-1)+K(+1),7.8,0.13743376000000002,9.64826e-07,,2.31
goethite,alpha-FeOOH,Se(+4),bc87,bc87_f6e,4,C(+4)+Cl(-1)+K(+1),7.8,0.15845344,9.64171e-07,,2.31
goethite,alpha-FeOOH,Se(+4),bc87,bc87_f6e,5,C(+4)+Cl(-1)+K(+1),7.8,0.1811752,9.64201e-07,,2.31
goethite,alpha-FeOOH,Se(+4),bc87,bc87_f6e,6,C(+4)+Cl(-1)+K(+1),7.8,0.2932912,9.04352e-07,,2.31
goethite,alpha-FeOOH,Se(+4),bc87,bc87_f6e,7,C(+4)+Cl(-1)+K(+1),7.8,0.4874752,8.19401e-07,,2.31
goethite,alpha-FeOOH,Se(+4),bc87,bc87_f6b,1,Citrate(-3)+Cl(-1)+K(+1),7.0,0.10006123780000001,1.0298e-06,,2.31
goethite,alpha-FeOOH,Se(+4),bc87,bc87_f6b,2,Citrate(-3)+Cl(-1)+K(+1),7.0,0.1004566555,9.84687e-07,,2.31
goethite,alpha-FeOOH,Se(+4),bc87,bc87_f6b,3,Citrate(-3)+Cl(-1)+K(+1),7.0,0.10216338850000001,8.99119e-07,,2.31
goethite,alpha-FeOOH,Se(+4),bc87,bc87_f6b,4,Citrate(-3)+Cl(-1)+K(+1),7.0,0.104764375,8.58774e-07,,2.31
goethite,alpha-FeOOH,Se(+4),bc87,bc87_f6b,5,Citrate(-3)+Cl(-1)+K(+1),7.0,0.11082448,7.9265e-07,,2.31
goethite,alpha-FeOOH,Se(+4),bc87,bc87_f6b,6,Citrate(-3)+Cl(-1)+K(+1),7.0,0.122390425,7.27911e-07,,2.31
goethite,alpha-FeOOH,Se(+4),bc87,bc87_f6b,7,Citrate(-3)+Cl(-1)+K(+1),7.0,0.1477909,6.8408e-07,,2.31
goethite,alpha-FeOOH,Se(+4),bc87,bc87_f6b,8,Citrate(-3)+Cl(-1)+K(+1),7.0,0.204418,6.2283e-07,,2.31
goethite,alpha-FeOOH,Se(+4),bc87,bc87_f6b,9,Citrate(-3)+Cl(-1)+K(+1),7.0,0.31600360000000005,5.72027e-07,,2.31
goethite,alpha-FeOOH,Se(+4),masgg09,masgg09_f3ba,1,Cl(+7)+Na(+1),2.6799,0.025,9.93759e-10,,2.31
goethite,alpha-FeOOH,Se(+4),masgg09,masgg09_f3ba,2,Cl(+7)+Na(+1),3.1936,0.025,9.94805e-10,,2.31
goethite,alpha-FeOOH,Se(+4),masgg09,masgg09_f3ba,3,Cl(+7)+Na(+1),4.1846,0.025,9.90965e-10,,2.31
goethite,alpha-FeOOH,Se(+4),masgg09,masgg09_f3ba,4,Cl(+7)+Na(+1),4.6249,0.025,9.91862e-10,,2.31
goethite,alpha-FeOOH,Se(+4),masgg09,masgg09_f3ba,5,Cl(+7)+Na(+1),5.4447,0.025,9.84321e-10,,2.31
goethite,alpha-FeOOH,Se(+4),masgg09,masgg09_f3ba,6,Cl(+7)+Na(+1),6.9498,0.025,9.44779e-10,,2.31
goethite,alpha-FeOOH,Se(+4),masgg09,masgg09_f3ba,7,Cl(+7)+Na(+1),8.9683,0.025,9.29026e-10,,2.31
goethite,alpha-FeOOH,Se(+4),masgg09,masgg09_f3ba,8,Cl(+7)+Na(+1),9.9723,0.025,4.87126e-10,,2.31
goethite,alpha-FeOOH,Se(+4),masgg09,masgg09_f3ba,9,Cl(+7)+Na(+1),10.9031,0.025,5.41446e-11,,2.31
goethite,alpha-FeOOH,Se(+4),masgg09,masgg09_f3bb,1,Cl(+7)+Na(+1),2.5944,0.25,9.90498e-10,,2.31
goethite,alpha-FeOOH,Se(+4),masgg09,masgg09_f3bb,2,Cl(+7)+Na(+1),3.096,0.25,9.8944e-10,,2.31
goethite,alpha-FeOOH,Se(+4),masgg09,masgg09_f3bb,3,Cl(+7)+Na(+1),4.0622,0.25,9.93234e-10,,2.31
goethite,alpha-FeOOH,Se(+4),masgg09,masgg09_f3bb,4,Cl(+7)+Na(+1),4.8573,0.25,9.93402e-10,,2.31
goethite,alpha-FeOOH,Se(+4),masgg09,masgg09_f3bb,5,Cl(+7)+Na(+1),6.191,0.25,9.81167e-10,,2.31
goethite,alpha-FeOOH,Se(+4),masgg09,masgg09_f3bb,6,Cl(+7)+Na(+1),6.9251,0.25,9.73609e-10,,2.31
goethite,alpha-FeOOH,Se(+4),masgg09,masgg09_f3bb,7,Cl(+7)+Na(+1),8.491,0.25,9.43271e-10,,2.31
goethite,alpha-FeOOH,Se(+4),masgg09,masgg09_f3bb,8,Cl(+7)+Na(+1),9.4209,0.25,9.19768e-10,,2.31
goethite,alpha-FeOOH,Se(+4),masgg09,masgg09_f3bb,9,Cl(+7)+Na(+1),10.0082,0.25,8.79544e-10,,2.31
goethite,alpha-FeOOH,Se(+4),masgg09,masgg09_f3bb,10,Cl(+7)+Na(+1),10.903,0.25,5.55168e-11,,2.31
goethite,alpha-FeOOH,Se(+4),masgg09,masgg09_f3bc,1,Cl(+7)+Na(+1),2.5088,2.5,9.89167e-10,,2.31
goethite,alpha-FeOOH,Se(+4),masgg09,masgg09_f3bc,2,Cl(+7)+Na(+1),3.7442,2.5,9.91655e-10,,2.31
goethite,alpha-FeOOH,Se(+4),masgg09,masgg09_f3bc,3,Cl(+7)+Na(+1),4.3925,2.5,9.91645e-10,,2.31
goethite,alpha-FeOOH,Se(+4),masgg09,masgg09_f3bc,4,Cl(+7)+Na(+1),4.8696,2.5,9.91191e-10,,2.31
goethite,alpha-FeOOH,Se(+4),masgg09,masgg09_f3bc,5,Cl(+7)+Na(+1),5.8481,2.5,9.89676e-10,,2.31
goethite,alpha-FeOOH,Se(+4),masgg09,masgg09_f3bc,6,Cl(+7)+Na(+1),6.8024,2.5,9.90192e-10,,2.31
goethite,alpha-FeOOH,Se(+4),masgg09,masgg09_f3bc,7,Cl(+7)+Na(+1),7.8303,2.5,9.72176e-10,,2.31
goethite,alpha-FeOOH,Se(+4),masgg09,masgg09_f3bc,8,Cl(+7)+Na(+1),8.8458,2.5,9.34117e-10,,2.31
goethite,alpha-FeOOH,Se(+4),masgg09,masgg09_f3bc,9,Cl(+7)+Na(+1),9.984,2.5,7.90161e-10,,2.31
goethite,alpha-FeOOH,Se(+4),masgg09,masgg09_f3bc,10,Cl(+7)+Na(+1),10.744,2.5,6.44742e-11,,2.31
goethite,alpha-FeOOH,Se(+4),masgg09,masgg09_f3bd,1,Cl(+7)+Na(+1),2.6303,2.5,3.95442e-10,,2.31
goethite,alpha-FeOOH,Se(+4),masgg09,masgg09_f3bd,2,Cl(+7)+Na(+1),3.9514,2.5,3.95313e-10,,2.31
goethite,alpha-FeOOH,Se(+4),masgg09,masgg09_f3bd,3,Cl(+7)+Na(+1),4.869,2.5,3.92094e-10,,2.31
goethite,alpha-FeOOH,Se(+4),masgg09,masgg09_f3bd,4,Cl(+7)+Na(+1),6.2279,2.5,3.03601e-10,,2.31
goethite,alpha-FeOOH,Se(+4),masgg09,masgg09_f3bd,5,Cl(+7)+Na(+1),7.6349,2.5,2.3472e-10,,2.31
goethite,alpha-FeOOH,Se(+4),masgg09,masgg09_f3bd,6,Cl(+7)+Na(+1),8.0142,2.5,2.059e-10,,2.31
goethite,alpha-FeOOH,Se(+4),masgg09,masgg09_f3bd,7,Cl(+7)+Na(+1),9.262,2.5,1.87199e-10,,2.31
goethite,alpha-FeOOH,Se(+4),masgg09,masgg09_f3bd,8,Cl(+7)+Na(+1),10.8647,2.5,1.26938e-10,,2.31
goethite,alpha-FeOOH,Se(+4),masgg09,masgg09_f4ba,1,Cl(+7)+Na(+1),9.5,2.5,2.33685e-10,,2.31
goethite,alpha-FeOOH,Se(+4),masgg09,masgg09_f4ba,2,Cl(+7)+Na(+1),9.5,2.5,4.28085e-10,,2.31
goethite,alpha-FeOOH,Se(+4),masgg09,masgg09_f4ba,3,Cl(+7)+Na(+1),9.5,2.5,1.06692e-08,,2.31
goethite,alpha-FeOOH,Se(+4),masgg09,masgg09_f4ba,4,Cl(+7)+Na(+1),9.5,2.5,4.9196e-08,,2.31
goethite,alpha-FeOOH,Se(+4),masgg09,masgg09_f4ba,5,Cl(+7)+Na(+1),9.5,2.5,2.49592e-07,,2.31
goethite,alpha-FeOOH,Se(+4),masgg09,masgg09_f4ba,6,Cl(+7)+Na(+1),9.5,2.5,5.0284e-07,,2.31
goethite,alpha-FeOOH,Se(+4),masgg09,masgg09_f4ba,7,Cl(+7)+Na(+1),9.5,2.5,2.63287e-06,,2.31
goethite,alpha-FeOOH,Se(+4),masgg09,masgg09_f4ba,8,Cl(+7)+Na(+1),9.5,2.5,2.44754e-05,,2.31
goethite,alpha-FeOOH,Se(+4),masgg09,masgg09_f4bb,1,Cl(+7)+Na(+1),3.0,2.5,3.49969e-10,,2.31
goethite,alpha-FeOOH,Se(+4),masgg09,masgg09_f4bb,2,Cl(+7)+Na(+1),3.0,2.5,7.2934e-10,,2.31
goethite,alpha-FeOOH,Se(+4),masgg09,masgg09_f4bb,3,Cl(+7)+Na(+1),3.0,2.5,1.76007e-08,,2.31
goethite,alpha-FeOOH,Se(+4),masgg09,masgg09_f4bb,4,Cl(+7)+Na(+1),3.0,2.5,8.37973e-08,,2.31
goethite,alpha-FeOOH,Se(+4),masgg09,masgg09_f4bb,5,Cl(+7)+Na(+1),3.0,2.5,3.98869e-07,,2.31
goethite,alpha-FeOOH,Se(+4),masgg09,masgg09_f4bb,6,Cl(+7)+Na(+1),3.0,2.5,7.78269e-07,,2.31
goethite,alpha-FeOOH,Se(+4),masgg09,masgg09_f4bb,7,Cl(+7)+Na(+1),3.0,2.5,4.3444e-06,,2.31
goethite,alpha-FeOOH,Se(+4),masgg09,masgg09_f4bb,8,Cl(+7)+Na(+1),3.0,2.5,4.30358e-05,,2.31
goethite,alpha-FeOOH,Se(+4),masgg09,masgg09_f4bb,9,Cl(+7)+Na(+1),3.0,2.5,0.000375258,,2.31
goethite,alpha-FeOOH,Se(+4),masgg09,masgg09_f4bc,1,Cl(+7)+Na(+1),5.1,2.5,2.79789e-10,,2.31
goethite,alpha-FeOOH,Se(+4),masgg09,masgg09_f4bc,2,Cl(+7)+Na(+1),5.1,2.5,4.23575e-10,,2.31
goethite,alpha-FeOOH,Se(+4),masgg09,masgg09_f4bc,3,Cl(+7)+Na(+1),5.1,2.5,6.40516e-10,,2.31
goethite,alpha-FeOOH,Se(+4),masgg09,masgg09_f4bc,4,Cl(+7)+Na(+1),5.1,2.5,2.28681e-09,,2.31
goethite,alpha-FeOOH,Se(+4),masgg09,masgg09_f4bc,5,Cl(+7)+Na(+1),5.1,2.5,2.31649e-07,,2.31
goethite,alpha-FeOOH,Se(+4),masgg09,masgg09_f4bc,6,Cl(+7)+Na(+1),5.1,2.5,6.21055e-07,,2.31
goethite,alpha-FeOOH,Se(+4),masgg09,masgg09_f4bc,7,Cl(+7)+Na(+1),5.1,2.5,1.25179e-06,,2.31
goethite,alpha-FeOOH,Se(+4),masgg09,masgg09_f4bc,8,Cl(+7)+Na(+1),5.1,2.5,6.34936e-06,,2.31
goethite,alpha-FeOOH,Se(+4),masgg09,masgg09_f4bc,9,Cl(+7)+Na(+1),5.1,2.5,1.16313e-05,,2.31
goethite,alpha-FeOOH,Se(+4),masgg09,masgg09_f4bc,10,Cl(+7)+Na(+1),5.1,2.5,6.1197e-05,,2.31
goethite,alpha-FeOOH,Se(+4),masgg09,masgg09_f4bc,11,Cl(+7)+Na(+1),5.1,2.5,0.000112339,,2.31
goethite,alpha-FeOOH,Se(+4),bc87,bc87_f6g,1,Cl(-1)+F(-1)+K(+1),7.0,0.101157965,1.04002e-06,,2.31
goethite,alpha-FeOOH,Se(+4),bc87,bc87_f6g,2,Cl(-1)+F(-1)+K(+1),7.0,0.10351437000000001,1.02967e-06,,2.31
goethite,alpha-FeOOH,Se(+4),bc87,bc87_f6g,3,Cl(-1)+F(-1)+K(+1),7.0,0.10503525000000001,1.01786e-06,,2.31
goethite,alpha-FeOOH,Se(+4),bc87,bc87_f6g,4,Cl(-1)+F(-1)+K(+1),7.0,0.1113543,1.01793e-06,,2.31
goethite,alpha-FeOOH,Se(+4),bc87,bc87_f6g,5,Cl(-1)+F(-1)+K(+1),7.0,0.1229472,1.00127e-06,,2.31
goethite,alpha-FeOOH,Se(+4),bc87,bc87_f1a,1,Cl(-1)+K(+1),6.69,0.1,1.22982e-05,22.0,2.31
goethite,alpha-FeOOH,Se(+4),bc87,bc87_f1a,2,Cl(-1)+K(+1),6.69,0.1,1.45123e-05,22.0,2.31
goethite,alpha-FeOOH,Se(+4),bc87,bc87_f1a,3,Cl(-1)+K(+1),6.69,0.1,1.48345e-05,22.0,2.31
goethite,alpha-FeOOH,Se(+4),bc87,bc87_f1a,4,Cl(-1)+K(+1),6.69,0.1,1.83178e-05,22.0,2.31
goethite,alpha-FeOOH,Se(+4),bc87,bc87_f1a,5,Cl(-1)+K(+1),6.69,0.1,2.40914e-05,22.0,2.31
goethite,alpha-FeOOH,Se(+4),bc87,bc87_f1a,6,Cl(-1)+K(+1),6.69,0.1,2.44511e-05,22.0,2.31
goethite,alpha-FeOOH,Se(+4),bc87,bc87_f1a,7,Cl(-1)+K(+1),6.69,0.1,3.20114e-05,22.0,2.31
goethite,alpha-FeOOH,Se(+4),bc87,bc87_f1a,8,Cl(-1)+K(+1),6.69,0.1,3.44612e-05,22.0,2.31
goethite,alpha-FeOOH,Se(+4),bc87,bc87_f1b,1,Cl(-1)+K(+1),6.69,0.1,8.8359e-06,32.0,2.31
goethite,alpha-FeOOH,Se(+4),bc87,bc87_f1b,2,Cl(-1)+K(+1),6.69,0.1,1.34377e-05,32.0,2.31
goethite,alpha-FeOOH,Se(+4),bc87,bc87_f1b,3,Cl(-1)+K(+1),6.69,0.1,1.68822e-05,32.0,2.31
goethite,alpha-FeOOH,Se(+4),bc87,bc87_f1b,4,Cl(-1)+K(+1),6.69,0.1,1.72423e-05,32.0,2.31
goethite,alpha-FeOOH,Se(+4),bc87,bc87_f1b,5,Cl(-1)+K(+1),6.69,0.1,1.94392e-05,32.0,2.31
goethite,alpha-FeOOH,Se(+4),bc87,bc87_f1b,6,Cl(-1)+K(+1),6.69,0.1,2.23541e-05,32.0,2.31
goethite,alpha-FeOOH,Se(+4),bc87,bc87_f1b,7,Cl(-1)+K(+1),6.69,0.1,2.31108e-05,32.0,2.31
goethite,alpha-FeOOH,Se(+4),bc87,bc87_f1b,8,Cl(-1)+K(+1),6.69,0.1,2.63311e-05,32.0,2.31
goethite,alpha-FeOOH,Se(+4),bc87,bc87_f1b,9,Cl(-1)+K(+1),6.69,0.1,2.59343e-05,32.0,2.31
goethite,alpha-FeOOH,Se(+4),bc87,bc87_f1b,10,Cl(-1)+K(+1),6.69,0.1,2.98753e-05,32.0,2.31
goethite,alpha-FeOOH,Se(+4),bc87,bc87_f1b,11,Cl(-1)+K(+1),6.69,0.1,3.17576e-05,32.0,2.31
goethite,alpha-FeOOH,Se(+4),bc87,bc87_f2,1,Cl(-1)+K(+1),3.9413,0.1,6.42299e-07,,2.31
goethite,alpha-FeOOH,Se(+4),bc87,bc87_f2,2,Cl(-1)+K(+1),4.3155,0.1,6.44264e-07,,2.31
goethite,alpha-FeOOH,Se(+4),bc87,bc87_f2,3,Cl(-1)+K(+1),4.3151,0.1,6.33397e-07,,2.31
goethite,alpha-FeOOH,Se(+4),bc87,bc87_f2,4,Cl(-1)+K(+1),4.5087,0.1,6.4544e-07,,2.31
goethite,alpha-FeOOH,Se(+4),bc87,bc87_f2,5,Cl(-1)+K(+1),4.6482,0.1,6.44285e-07,,2.31
goethite,alpha-FeOOH,Se(+4),bc87,bc87_f2,6,Cl(-1)+K(+1),4.9186,0.1,6.47795e-07,,2.31
goethite,alpha-FeOOH,Se(+4),bc87,bc87_f2,7,Cl(-1)+K(+1),4.9268,0.1,6.29168e-07,,2.31
goethite,alpha-FeOOH,Se(+4),bc87,bc87_f2,8,Cl(-1)+K(+1),5.1889,0.1,6.4432e-07,,2.31
goethite,alpha-FeOOH,Se(+4),bc87,bc87_f2,9,Cl(-1)+K(+1),5.9845,0.1,6.35833e-07,,2.31
goethite,alpha-FeOOH,Se(+4),bc87,bc87_f2,10,Cl(-1)+K(+1),6.2505,0.1,6.04803e-07,,2.31
goethite,alpha-FeOOH,Se(+4),bc87,bc87_f2,11,Cl(-1)+K(+1),6.4733,0.1,6.03653e-07,,2.31
goethite,alpha-FeOOH,Se(+4),bc87,bc87_f2,12,Cl(-1)+K(+1),6.6359,0.1,5.87363e-07,,2.31
goethite,alpha-FeOOH,Se(+4),bc87,bc87_f2,13,Cl(-1)+K(+1),7.0431,0.1,4.53107e-07,,2.31
goethite,alpha-FeOOH,Se(+4),bc87,bc87_f2,14,Cl(-1)+K(+1),7.2356,0.1,4.39924e-07,,2.31
goethite,alpha-FeOOH,Se(+4),bc87,bc87_f2,15,Cl(-1)+K(+1),7.4707,0.1,3.80949e-07,,2.31
goethite,alpha-FeOOH,Se(+4),bc87,bc87_f2,16,Cl(-1)+K(+1),8.8803,0.1,7.36664e-08,,2.31
goethite,alpha-FeOOH,Se(+4),bc87,bc87_f2,17,Cl(-1)+K(+1),9.1433,0.1,4.03065e-08,,2.31
goethite,alpha-FeOOH,Se(+4),bc87,bc87_f2,18,Cl(-1)+K(+1),9.4878,0.1,3.99412e-08,,2.31
goethite,alpha-FeOOH,Se(+4),bc87,bc87_f2,19,Cl(-1)+K(+1),9.8079,0.1,2.1721e-08,,2.31
goethite,alpha-FeOOH,Se(+4),bc87,bc87_f3aa,1,Cl(-1)+K(+1),5.079,0.1,6.50843e-07,,2.31
goethite,alpha-FeOOH,Se(+4),bc87,bc87_f3aa,2,Cl(-1)+K(+1),6.0737,0.1,6.50066e-07,,2.31
goethite,alpha-FeOOH,Se(+4),bc87,bc87_f3aa,3,Cl(-1)+K(+1),6.5684,0.1,6.49508e-07,,2.31
goethite,alpha-FeOOH,Se(+4),bc87,bc87_f3aa,4,Cl(-1)+K(+1),6.963,0.1,6.48925e-07,,2.31
goethite,alpha-FeOOH,Se(+4),bc87,bc87_f3aa,5,Cl(-1)+K(+1),7.3578,0.1,6.50038e-07,,2.31
goethite,alpha-FeOOH,Se(+4),bc87,bc87_f3aa,6,Cl(-1)+K(+1),7.5312,0.1,6.44313e-07,,2.31
goethite,alpha-FeOOH,Se(+4),bc87,bc87_f3aa,7,Cl(-1)+K(+1),7.6843,0.1,6.51135e-07,,2.31
goethite,alpha-FeOOH,Se(+4),bc87,bc87_f3aa,8,Cl(-1)+K(+1),7.8982,0.1,6.1387e-07,,2.31
goethite,alpha-FeOOH,Se(+4),bc87,bc87_f3aa,9,Cl(-1)+K(+1),8.7462,0.1,4.09848e-07,,2.31
goethite,alpha-FeOOH,Se(+4),bc87,bc87_f3aa,10,Cl(-1)+K(+1),9.4662,0.1,6.29707e-08,,2.31
goethite,alpha-FeOOH,Se(+4),bc87,bc87_f3aa,11,Cl(-1)+K(+1),10.6053,0.1,1.16415e-09,,2.31
goethite,alpha-FeOOH,Se(+4),bc87,bc87_f3ab,1,Cl(-1)+K(+1),3.9367,0.1,6.48531e-07,,2.31
goethite,alpha-FeOOH,Se(+4),bc87,bc87_f3ab,2,Cl(-1)+K(+1),4.5157,0.1,6.47654e-07,,2.31
goethite,alpha-FeOOH,Se(+4),bc87,bc87_f3ab,3,Cl(-1)+K(+1),4.8685,0.1,6.51131e-07,,2.31
goethite,alpha-FeOOH,Se(+4),bc87,bc87_f3ab,4,Cl(-1)+K(+1),5.4734,0.1,6.44832e-07,,2.31
goethite,alpha-FeOOH,Se(+4),bc87,bc87_f3ab,5,Cl(-1)+K(+1),5.9049,0.1,6.42223e-07,,2.31
goethite,alpha-FeOOH,Se(+4),bc87,bc87_f3ab,6,Cl(-1)+K(+1),6.0464,0.1,6.31062e-07,,2.31
goethite,alpha-FeOOH,Se(+4),bc87,bc87_f3ab,7,Cl(-1)+K(+1),6.3136,0.1,6.06022e-07,,2.31
goethite,alpha-FeOOH,Se(+4),bc87,bc87_f3ab,8,Cl(-1)+K(+1),6.487,0.1,6.01993e-07,,2.31
goethite,alpha-FeOOH,Se(+4),bc87,bc87_f3ab,9,Cl(-1)+K(+1),6.6547,0.1,5.83375e-07,,2.31
goethite,alpha-FeOOH,Se(+4),bc87,bc87_f3ab,10,Cl(-1)+K(+1),6.8479,0.1,5.54586e-07,,2.31
goethite,alpha-FeOOH,Se(+4),bc87,bc87_f3ab,11,Cl(-1)+K(+1),7.0899,0.1,4.95785e-07,,2.31
goethite,alpha-FeOOH,Se(+4),bc87,bc87_f3ab,12,Cl(-1)+K(+1),7.0379,0.1,4.55571e-07,,2.31
goethite,alpha-FeOOH,Se(+4),bc87,bc87_f3ab,13,Cl(-1)+K(+1),7.2477,0.1,4.41035e-07,,2.31
goethite,alpha-FeOOH,Se(+4),bc87,bc87_f3ab,14,Cl(-1)+K(+1),7.4923,0.1,3.83761e-07,,2.31
goethite,alpha-FeOOH,Se(+4),bc87,bc87_f3ab,15,Cl(-1)+K(+1),7.5672,0.1,2.99985e-07,,2.31
goethite,alpha-FeOOH,Se(+4),bc87,bc87_f3ab,16,Cl(-1)+K(+1),8.1562,0.1,1.82748e-07,,2.31
goethite,alpha-FeOOH,Se(+4),bc87,bc87_f3ab,17,Cl(-1)+K(+1),8.8403,0.1,7.02826e-08,,2.31
goethite,alpha-FeOOH,Se(+4),bc87,bc87_f3ab,18,Cl(-1)+K(+1),8.9557,0.1,6.31865e-08,,2.31
goethite,alpha-FeOOH,Se(+4),bc87,bc87_f3ab,19,Cl(-1)+K(+1),9.1807,0.1,3.6779e-08,,2.31
goethite,alpha-FeOOH,Se(+4),bc87,bc87_f3ab,20,Cl(-1)+K(+1),9.8746,0.1,1.79491e-08,,2.31
goethite,alpha-FeOOH,Se(+4),bc87,bc87_f3ab,21,Cl(-1)+K(+1),10.2267,0.1,7.51855e-09,,2.31
goethite,alpha-FeOOH,Se(+4),bc87,bc87_f3ac,1,Cl(-1)+K(+1),4.17,0.1,4.65393e-07,,2.31
goethite,alpha-FeOOH,Se(+4),bc87,bc87_f3ac,2,Cl(-1)+K(+1),4.4691,0.1,4.46807e-07,,2.31
goethite,alpha-FeOOH,Se(+4),bc87,bc87_f3ac,3,Cl(-1)+K(+1),4.7638,0.1,4.462e-07,,2.31
goethite,alpha-FeOOH,Se(+4),bc87,bc87_f3ac,4,Cl(-1)+K(+1),5.1512,0.1,4.04227e-07,,2.31
goethite,alpha-FeOOH,Se(+4),bc87,bc87_f3ac,5,Cl(-1)+K(+1),5.4912,0.1,3.59529e-07,,2.31
goethite,alpha-FeOOH,Se(+4),bc87,bc87_f3ac,6,Cl(-1)+K(+1),5.9667,0.1,2.89758e-07,,2.31
goethite,alpha-FeOOH,Se(+4),bc87,bc87_f3ac,7,Cl(-1)+K(+1),6.454,0.1,2.44418e-07,,2.31
goethite,alpha-FeOOH,Se(+4),bc87,bc87_f3ac,8,Cl(-1)+K(+1),7.5189,0.1,1.72755e-07,,2.31
goethite,alpha-FeOOH,Se(+4),bc87,bc87_f3ac,9,Cl(-1)+K(+1),8.5345,0.1,5.93528e-08,,2.31
goethite,alpha-FeOOH,Se(+4),bc87,bc87_f3ac,10,Cl(-1)+K(+1),9.3376,0.1,1.61233e-08,,2.31
goethite,alpha-FeOOH,Se(+4),bc87,bc87_f3ac,11,Cl(-1)+K(+1),9.458,0.1,2.92175e-09,,2.31
goethite,alpha-FeOOH,Se(+4),bc87,bc87_f3ad,1,Cl(-1)+K(+1),4.4131,0.1,2.70384e-07,,2.31
goethite,alpha-FeOOH,Se(+4),bc87,bc87_f3ad,2,Cl(-1)+K(+1),4.6861,0.1,2.56202e-07,,2.31
goethite,alpha-FeOOH,Se(+4),bc87,bc87_f3ad,3,Cl(-1)+K(+1),4.6065,0.1,2.42273e-07,,2.31
goethite,alpha-FeOOH,Se(+4),bc87,bc87_f3ad,4,Cl(-1)+K(+1),4.4638,0.1,2.30704e-07,,2.31
goethite,alpha-FeOOH,Se(+4),bc87,bc87_f3ad,5,Cl(-1)+K(+1),5.078,0.1,1.97946e-07,,2.31
goethite,alpha-FeOOH,Se(+4),bc87,bc87_f3ad,6,Cl(-1)+K(+1),5.2095,0.1,1.94585e-07,,2.31
goethite,alpha-FeOOH,Se(+4),bc87,bc87_f3ad,7,Cl(-1)+K(+1),5.5192,0.1,1.79394e-07,,2.31
goethite,alpha-FeOOH,Se(+4),bc87,bc87_f3ad,8,Cl(-1)+K(+1),5.8229,0.1,1.469e-07,,2.31
goethite,alpha-FeOOH,Se(+4),bc87,bc87_f3ad,9,Cl(-1)+K(+1),6.5331,0.1,1.40288e-07,,2.31
goethite,alpha-FeOOH,Se(+4),bc87,bc87_f3ad,10,Cl(-1)+K(+1),6.4485,0.1,1.31786e-07,,2.31
goethite,alpha-FeOOH,Se(+4),bc87,bc87_f3ad,11,Cl(-1)+K(+1),6.9056,0.1,1.14255e-07,,2.31
goethite,alpha-FeOOH,Se(+4),bc87,bc87_f3ad,12,Cl(-1)+K(+1),6.9832,0.1,8.84904e-08,,2.31
goethite,alpha-FeOOH,Se(+4),bc87,bc87_f3ad,13,Cl(-1)+K(+1),7.1663,0.1,6.5806e-08,,2.31
goethite,alpha-FeOOH,Se(+4),bc87,bc87_f3ad,14,Cl(-1)+K(+1),7.228,0.1,3.56278e-08,,2.31
goethite,alpha-FeOOH,Se(+4),bc87,bc87_f3ad,15,Cl(-1)+K(+1),7.3857,0.1,3.09166e-08,,2.31
goethite,alpha-FeOOH,Se(+4),bc87,bc87_f3ad,16,Cl(-1)+K(+1),9.137,0.1,2.8444e-09,,2.31
goethite,alpha-FeOOH,Se(+4),bc87,bc87_f3ad,17,Cl(-1)+K(+1),9.6633,0.1,3.31045e-09,,2.31
goethite,alpha-FeOOH,Se(+4),bc87,bc87_f3b,1,Cl(-1)+K(+1),6.95,0.1,1.09583e-07,,2.31
goethite,alpha-FeOOH,Se(+4),bc87,bc87_f3b,2,Cl(-1)+K(+1),6.95,0.1,2.41288e-07,,2.31
goethite,alpha-FeOOH,Se(+4),bc87,bc87_f3b,3,Cl(-1)+K(+1),6.95,0.1,3.03066e-07,,2.31
goethite,alpha-FeOOH,Se(+4),bc87,bc87_f3b,4,Cl(-1)+K(+1),6.95,0.1,4.06183e-07,,2.31
goethite,alpha-FeOOH,Se(+4),bc87,bc87_f3b,5,Cl(-1)+K(+1),6.95,0.1,4.72803e-07,,2.31
goethite,alpha-FeOOH,Se(+4),bc87,bc87_f3b,6,Cl(-1)+K(+1),6.95,0.1,5.50058e-07,,2.31
goethite,alpha-FeOOH,Se(+4),bc87,bc87_f3b,7,Cl(-1)+K(+1),6.95,0.1,5.56693e-07,,2.31
goethite,alpha-FeOOH,Se(+4),bc87,bc87_f3b,8,Cl(-1)+K(+1),6.95,0.1,5.71043e-07,,2.31
goethite,alpha-FeOOH,Se(+4),bc87,bc87_f3b,9,Cl(-1)+K(+1),6.95,0.1,5.92415e-07,,2.31
goethite,alpha-FeOOH,Se(+4),bc87,bc87_f3c,1,Cl(-1)+K(+1),6.95,0.1,5.92471e-07,,2.31
goethite,alpha-FeOOH,Se(+4),bc87,bc87_f3c,2,Cl(-1)+K(+1),6.95,0.1,5.69823e-07,,2.31
goethite,alpha-FeOOH,Se(+4),bc87,bc87_f3c,3,Cl(-1)+K(+1),6.95,0.1,5.55316e-07,,2.31
goethite,alpha-FeOOH,Se(+4),bc87,bc87_f3c,4,Cl(-1)+K(+1),6.95,0.1,5.57042e-07,,2.31
goethite,alpha-FeOOH,Se(+4),bc87,bc87_f3c,5,Cl(-1)+K(+1),6.95,0.1,4.73097e-07,,2.31
goethite,alpha-FeOOH,Se(+4),bc87,bc87_f3c,6,Cl(-1)+K(+1),6.95,0.1,2.99062e-07,,2.31
goethite,alpha-FeOOH,Se(+4),bc87,bc87_f3c,7,Cl(-1)+K(+1),6.95,0.1,1.19069e-07,,2.31
goethite,alpha-FeOOH,Se(+4),bc87,bc87_f4aa,1,Cl(-1)+K(+1),4.0732,0.1,2.20571e-07,,2.31
goethite,alpha-FeOOH,Se(+4),bc87,bc87_f4aa,2,Cl(-1)+K(+1),5.0912,0.1,2.20312e-07,,2.31
goethite,alpha-FeOOH,Se(+4),bc87,bc87_f4aa,3,Cl(-1)+K(+1),5.6293,0.1,2.13876e-07,,2.31
goethite,alpha-FeOOH,Se(+4),bc87,bc87_f4aa,4,Cl(-1)+K(+1),6.3309,0.1,2.11854e-07,,2.31
goethite,alpha-FeOOH,Se(+4),bc87,bc87_f4aa,5,Cl(-1)+K(+1),6.505,0.1,2.09901e-07,,2.31
goethite,alpha-FeOOH,Se(+4),bc87,bc87_f4aa,6,Cl(-1)+K(+1),6.6896,0.1,2.08065e-07,,2.31
goethite,alpha-FeOOH,Se(+4),bc87,bc87_f4aa,7,Cl(-1)+K(+1),6.8165,0.1,1.91871e-07,,2.31
goethite,alpha-FeOOH,Se(+4),bc87,bc87_f4aa,8,Cl(-1)+K(+1),7.0011,0.1,1.88877e-07,,2.31
goethite,alpha-FeOOH,Se(+4),bc87,bc87_f4aa,9,Cl(-1)+K(+1),7.0858,0.1,1.72332e-07,,2.31
goethite,alpha-FeOOH,Se(+4),bc87,bc87_f4aa,10,Cl(-1)+K(+1),7.2126,0.1,1.59726e-07,,2.31
goethite,alpha-FeOOH,Se(+4),bc87,bc87_f4aa,11,Cl(-1)+K(+1),7.276,0.1,1.47231e-07,,2.31
goethite,alpha-FeOOH,Se(+4),bc87,bc87_f4aa,12,Cl(-1)+K(+1),8.5859,0.1,3.39082e-08,,2.31
goethite,alpha-FeOOH,Se(+4),bc87,bc87_f4ab,1,Cl(-1)+K(+1),3.8253,0.1,6.25938e-07,,2.31
goethite,alpha-FeOOH,Se(+4),bc87,bc87_f4ab,2,Cl(-1)+K(+1),4.4899,0.1,6.29749e-07,,2.31
goethite,alpha-FeOOH,Se(+4),bc87,bc87_f4ab,3,Cl(-1)+K(+1),4.838,0.1,6.26853e-07,,2.31
goethite,alpha-FeOOH,Se(+4),bc87,bc87_f4ab,4,Cl(-1)+K(+1),5.4394,0.1,6.26007e-07,,2.31
goethite,alpha-FeOOH,Se(+4),bc87,bc87_f4ab,5,Cl(-1)+K(+1),5.9986,0.1,6.11893e-07,,2.31
goethite,alpha-FeOOH,Se(+4),bc87,bc87_f4ab,6,Cl(-1)+K(+1),6.2308,0.1,5.85765e-07,,2.31
goethite,alpha-FeOOH,Se(+4),bc87,bc87_f4ab,7,Cl(-1)+K(+1),6.5367,0.1,5.89487e-07,,2.31
goethite,alpha-FeOOH,Se(+4),bc87,bc87_f4ab,8,Cl(-1)+K(+1),6.6739,0.1,5.70296e-07,,2.31
goethite,alpha-FeOOH,Se(+4),bc87,bc87_f4ab,9,Cl(-1)+K(+1),6.7902,0.1,5.37509e-07,,2.31
goethite,alpha-FeOOH,Se(+4),bc87,bc87_f4ab,10,Cl(-1)+K(+1),7.1439,0.1,4.74286e-07,,2.31
goethite,alpha-FeOOH,Se(+4),bc87,bc87_f4ab,11,Cl(-1)+K(+1),7.2654,0.1,4.3222e-07,,2.31
goethite,alpha-FeOOH,Se(+4),bc87,bc87_f4ab,12,Cl(-1)+K(+1),7.4029,0.1,3.66954e-07,,2.31
goethite,alpha-FeOOH,Se(+4),bc87,bc87_f4ab,13,Cl(-1)+K(+1),7.5194,0.1,2.89088e-07,,2.31
goethite,alpha-FeOOH,Se(+4),bc87,bc87_f4ab,14,Cl(-1)+K(+1),8.232,0.1,1.79217e-07,,2.31
goethite,alpha-FeOOH,Se(+4),bc87,bc87_f4ab,15,Cl(-1)+K(+1),8.8392,0.1,7.56183e-08,,2.31
goethite,alpha-FeOOH,Se(+4),bc87,bc87_f4ab,16,Cl(-1)+K(+1),9.0291,0.1,7.10249e-08,,2.31
goethite,alpha-FeOOH,Se(+4),bc87,bc87_f4ab,17,Cl(-1)+K(+1),10.0685,0.1,6.97788e-09,,2.31
goethite,alpha-FeOOH,Se(+4),bc87,bc87_f4ac,1,Cl(-1)+K(+1),3.6778,0.1,2.61057e-06,,2.31
goethite,alpha-FeOOH,Se(+4),bc87,bc87_f4ac,2,Cl(-1)+K(+1),4.5695,0.1,2.38971e-06,,2.31
goethite,alpha-FeOOH,Se(+4),bc87,bc87_f4ac,3,Cl(-1)+K(+1),5.4612,0.1,2.15694e-06,,2.31
goethite,alpha-FeOOH,Se(+4),bc87,bc87_f4ac,4,Cl(-1)+K(+1),6.295,0.1,1.82731e-06,,2.31
goethite,alpha-FeOOH,Se(+4),bc87,bc87_f4ac,5,Cl(-1)+K(+1),6.6912,0.1,1.29917e-06,,2.31
goethite,alpha-FeOOH,Se(+4),bc87,bc87_f4ac,6,Cl(-1)+K(+1),7.0344,0.1,1.0762e-06,,2.31
goethite,alpha-FeOOH,Se(+4),bc87,bc87_f4ac,7,Cl(-1)+K(+1),7.2667,0.1,8.41201e-07,,2.31
goethite,alpha-FeOOH,Se(+4),bc87,bc87_f4ac,8,Cl(-1)+K(+1),8.164,0.1,3.79129e-07,,2.31
goethite,alpha-FeOOH,Se(+4),bc87,bc87_f4ac,9,Cl(-1)+K(+1),8.755,0.1,1.68354e-07,,2.31
goethite,alpha-FeOOH,Se(+4),bc87,bc87_f4ac,10,Cl(-1)+K(+1),9.1297,0.1,1.09408e-08,,2.31
goethite,alpha-FeOOH,Se(+4),bc87,bc87_f4ad,1,Cl(-1)+K(+1),4.3755,0.1,2.70222e-06,,2.31
goethite,alpha-FeOOH,Se(+4),bc87,bc87_f4ad,2,Cl(-1)+K(+1),4.6287,0.1,2.67185e-06,,2.31
goethite,alpha-FeOOH,Se(+4),bc87,bc87_f4ad,3,Cl(-1)+K(+1),5.5625,0.1,2.28891e-06,,2.31
goethite,alpha-FeOOH,Se(+4),bc87,bc87_f4ad,4,Cl(-1)+K(+1),6.5492,0.1,1.8555e-06,,2.31
goethite,alpha-FeOOH,Se(+4),bc87,bc87_f4ad,5,Cl(-1)+K(+1),7.0083,0.1,1.46312e-06,,2.31
goethite,alpha-FeOOH,Se(+4),bc87,bc87_f4ad,6,Cl(-1)+K(+1),7.3935,0.1,1.31502e-06,,2.31
goethite,alpha-FeOOH,Se(+4),bc87,bc87_f4ad,7,Cl(-1)+K(+1),7.499,0.1,1.07081e-06,,2.31
goethite,alpha-FeOOH,Se(+4),bc87,bc87_f4ad,8,Cl(-1)+K(+1),8.2854,0.1,3.92543e-07,,2.31
goethite,alpha-FeOOH,Se(+4),bc87,bc87_f4ad,9,Cl(-1)+K(+1),9.3301,0.1,2.10663e-08,,2.31
goethite,alpha-FeOOH,Se(+4),bc87,bc87_f4b,1,Cl(-1)+K(+1),6.45,0.1,1.16093e-06,,2.31
goethite,alpha-FeOOH,Se(+4),bc87,bc87_f4b,2,Cl(-1)+K(+1),6.45,0.1,3.50562e-06,,2.31
goethite,alpha-FeOOH,Se(+4),bc87,bc87_f4b,3,Cl(-1)+K(+1),6.45,0.1,8.10945e-06,,2.31
goethite,alpha-FeOOH,Se(+4),bc87,bc87_f4b,4,Cl(-1)+K(+1),6.45,0.1,9.47235e-06,,2.31
goethite,alpha-FeOOH,Se(+4),bc87,bc87_f4b,5,Cl(-1)+K(+1),6.45,0.1,1.03751e-05,,2.31
goethite,alpha-FeOOH,Se(+4),bc87,bc87_f4b,6,Cl(-1)+K(+1),6.45,0.1,1.07077e-05,,2.31
goethite,alpha-FeOOH,Se(+4),bc87,bc87_f4c,1,Cl(-1)+K(+1),6.45,0.1,1.22146e-06,,2.31
goethite,alpha-FeOOH,Se(+4),bc87,bc87_f4c,2,Cl(-1)+K(+1),6.45,0.1,4.70358e-06,,2.31
goethite,alpha-FeOOH,Se(+4),bc87,bc87_f4c,3,Cl(-1)+K(+1),6.45,0.1,8.29411e-06,,2.31
goethite,alpha-FeOOH,Se(+4),bc87,bc87_f4c,4,Cl(-1)+K(+1),6.45,0.1,8.93258e-06,,2.31
goethite,alpha-FeOOH,Se(+4),bc87,bc87_f4c,5,Cl(-1)+K(+1),6.45,0.1,1.02703e-05,,2.31
goethite,alpha-FeOOH,Se(+4),bc87,bc87_f4c,6,Cl(-1)+K(+1),6.45,0.1,1.10702e-05,,2.31
goethite,alpha-FeOOH,Se(+4),bc87,bc87_f8a,1,Cl(-1)+K(+1),3.8622,0.1,6.59535e-07,,2.31
goethite,alpha-FeOOH,Se(+4),bc87,bc87_f8a,2,Cl(-1)+K(+1),4.4866,0.1,6.60431e-07,,2.31
goethite,alpha-FeOOH,Se(+4),bc87,bc87_f8a,3,Cl(-1)+K(+1),4.8567,0.1,6.60885e-07,,2.31
goethite,alpha-FeOOH,Se(+4),bc87,bc87_f8a,4,Cl(-1)+K(+1),5.3994,0.1,6.57151e-07,,2.31
goethite,alpha-FeOOH,Se(+4),bc87,bc87_f8a,5,Cl(-1)+K(+1),5.9233,0.1,6.51736e-07,,2.31
goethite,alpha-FeOOH,Se(+4),bc87,bc87_f8a,6,Cl(-1)+K(+1),6.0895,0.1,6.47128e-07,,2.31
goethite,alpha-FeOOH,Se(+4),bc87,bc87_f8a,7,Cl(-1)+K(+1),6.2368,0.1,6.18986e-07,,2.31
goethite,alpha-FeOOH,Se(+4),bc87,bc87_f8a,8,Cl(-1)+K(+1),6.4753,0.1,6.25731e-07,,2.31
goethite,alpha-FeOOH,Se(+4),bc87,bc87_f8a,9,Cl(-1)+K(+1),6.6038,0.1,6.0095e-07,,2.31
goethite,alpha-FeOOH,Se(+4),bc87,bc87_f8a,10,Cl(-1)+K(+1),6.9987,0.1,4.68193e-07,,2.31
goethite,alpha-FeOOH,Se(+4),bc87,bc87_f8a,11,Cl(-1)+K(+1),7.1931,0.1,4.50982e-07,,2.31
goethite,alpha-FeOOH,Se(+4),bc87,bc87_f8a,12,Cl(-1)+K(+1),7.447,0.1,3.93012e-07,,2.31
goethite,alpha-FeOOH,Se(+4),bc87,bc87_f8a,13,Cl(-1)+K(+1),8.1617,0.1,1.90107e-07,,2.31
goethite,alpha-FeOOH,Se(+4),bc87,bc87_f8a,14,Cl(-1)+K(+1),8.8201,0.1,7.7125e-08,,2.31
goethite,alpha-FeOOH,Se(+4),bc87,bc87_f8a,15,Cl(-1)+K(+1),8.9706,0.1,7.08358e-08,,2.31
goethite,alpha-FeOOH,Se(+4),bc87,bc87_f8a,16,Cl(-1)+K(+1),9.1776,0.1,4.35393e-08,,2.31
goethite,alpha-FeOOH,Se(+4),bc87,bc87_f8b,1,Cl(-1)+K(+1),5.0199,0.1,6.70144e-07,,2.31
goethite,alpha-FeOOH,Se(+4),bc87,bc87_f8b,2,Cl(-1)+K(+1),6.0174,0.1,6.70235e-07,,2.31
goethite,alpha-FeOOH,Se(+4),bc87,bc87_f8b,3,Cl(-1)+K(+1),6.5099,0.1,6.68598e-07,,2.31
goethite,alpha-FeOOH,Se(+4),bc87,bc87_f8b,4,Cl(-1)+K(+1),6.8173,0.1,6.70306e-07,,2.31
goethite,alpha-FeOOH,Se(+4),bc87,bc87_f8b,5,Cl(-1)+K(+1),7.3067,0.1,6.74553e-07,,2.31
goethite,alpha-FeOOH,Se(+4),bc87,bc87_f8b,6,Cl(-1)+K(+1),7.5043,0.1,6.7373e-07,,2.31
goethite,alpha-FeOOH,Se(+4),bc87,bc87_f8b,7,Cl(-1)+K(+1),7.6204,0.1,6.65756e-07,,2.31
goethite,alpha-FeOOH,Se(+4),bc87,bc87_f8b,8,Cl(-1)+K(+1),7.8775,0.1,6.34262e-07,,2.31
goethite,alpha-FeOOH,Se(+4),bc87,bc87_f8b,9,Cl(-1)+K(+1),8.7176,0.1,4.1666e-07,,2.31
goethite,alpha-FeOOH,Se(+4),bc87,bc87_f8b,10,Cl(-1)+K(+1),9.4788,0.1,7.17222e-08,,2.31
goethite,alpha-FeOOH,Se(+4),bc87,bc87_f8b,11,Cl(-1)+K(+1),9.8425,0.1,2.21676e-08,,2.31
goethite,alpha-FeOOH,Se(+4),bc87,bc87_f8b,12,Cl(-1)+K(+1),10.3977,0.1,2.88703e-09,,2.31
goethite,alpha-FeOOH,Se(+4),bc87,bc87_f8b,13,Cl(-1)+K(+1),10.6393,0.1,8.0802e-10,,2.31
goethite,alpha-FeOOH,Se(+4),wat01c,wat01c_f7aa,1,Cl(-1)+K(+1),3.8624,0.1,6.52504e-07,,2.31
goethite,alpha-FeOOH,Se(+4),wat01c,wat01c_f7aa,2,Cl(-1)+K(+1),4.3393,0.1,6.49436e-07,,2.31
goethite,alpha-FeOOH,Se(+4),wat01c,wat01c_f7aa,3,Cl(-1)+K(+1),4.6095,0.1,6.52399e-07,,2.31
goethite,alpha-FeOOH,Se(+4),wat01c,wat01c_f7aa,4,Cl(-1)+K(+1),5.4362,0.1,6.52283e-07,,2.31
goethite,alpha-FeOOH,Se(+4),wat01c,wat01c_f7aa,5,Cl(-1)+K(+1),5.6905,0.1,6.49247e-07,,2.31
goethite,alpha-FeOOH,Se(+4),wat01c,wat01c_f7aa,6,Cl(-1)+K(+1),5.9767,0.1,6.35704e-07,,2.31
goethite,alpha-FeOOH,Se(+4),wat01c,wat01c_f7aa,7,Cl(-1)+K(+1),6.263,0.1,6.1766e-07,,2.31
goethite,alpha-FeOOH,Se(+4),wat01c,wat01c_f7aa,8,Cl(-1)+K(+1),6.3425,0.1,6.08647e-07,,2.31
goethite,alpha-FeOOH,Se(+4),wat01c,wat01c_f7aa,9,Cl(-1)+K(+1),6.5333,0.1,5.90617e-07,,2.31
goethite,alpha-FeOOH,Se(+4),wat01c,wat01c_f7aa,10,Cl(-1)+K(+1),6.7561,0.1,5.6208e-07,,2.31
goethite,alpha-FeOOH,Se(+4),wat01c,wat01c_f7aa,11,Cl(-1)+K(+1),7.0426,0.1,5.03528e-07,,2.31
goethite,alpha-FeOOH,Se(+4),wat01c,wat01c_f7aa,12,Cl(-1)+K(+1),6.8681,0.1,4.54043e-07,,2.31
goethite,alpha-FeOOH,Se(+4),wat01c,wat01c_f7aa,13,Cl(-1)+K(+1),7.1225,0.1,4.37505e-07,,2.31
goethite,alpha-FeOOH,Se(+4),wat01c,wat01c_f7aa,14,Cl(-1)+K(+1),7.4408,0.1,3.8495e-07,,2.31
goethite,alpha-FeOOH,Se(+4),wat01c,wat01c_f7aa,15,Cl(-1)+K(+1),7.5367,0.1,2.90418e-07,,2.31
goethite,alpha-FeOOH,Se(+4),wat01c,wat01c_f7aa,16,Cl(-1)+K(+1),8.0937,0.1,1.8982e-07,,2.31
goethite,alpha-FeOOH,Se(+4),wat01c,wat01c_f7aa,17,Cl(-1)+K(+1),8.6985,0.1,7.1212e-08,,2.31
goethite,alpha-FeOOH,Se(+4),wat01c,wat01c_f7aa,18,Cl(-1)+K(+1),8.8098,0.1,6.51956e-08,,2.31
goethite,alpha-FeOOH,Se(+4),wat01c,wat01c_f7aa,19,Cl(-1)+K(+1),9.112,0.1,3.9648e-08,,2.31
goethite,alpha-FeOOH,Se(+4),wat01c,wat01c_f7aa,20,Cl(-1)+K(+1),9.7798,0.1,2.15508e-08,,2.31
goethite,alpha-FeOOH,Se(+4),wat01c,wat01c_f7aa,21,Cl(-1)+K(+1),10.1455,0.1,3.49505e-09,,2.31
goethite,alpha-FeOOH,Se(+4),wat01c,wat01c_f7ab,1,Cl(-1)+K(+1),3.6401,0.1,2.61895e-06,,2.31
goethite,alpha-FeOOH,Se(+4),wat01c,wat01c_f7ab,2,Cl(-1)+K(+1),4.5148,0.1,2.39633e-06,,2.31
goethite,alpha-FeOOH,Se(+4),wat01c,wat01c_f7ab,3,Cl(-1)+K(+1),5.3417,0.1,2.1672e-06,,2.31
goethite,alpha-FeOOH,Se(+4),wat01c,wat01c_f7ab,4,Cl(-1)+K(+1),6.2165,0.1,1.84006e-06,,2.31
goethite,alpha-FeOOH,Se(+4),wat01c,wat01c_f7ab,5,Cl(-1)+K(+1),6.6783,0.1,1.28456e-06,,2.31
goethite,alpha-FeOOH,Se(+4),wat01c,wat01c_f7ab,6,Cl(-1)+K(+1),6.9329,0.1,1.08191e-06,,2.31
goethite,alpha-FeOOH,Se(+4),wat01c,wat01c_f7ab,7,Cl(-1)+K(+1),7.1558,0.1,8.66212e-07,,2.31
goethite,alpha-FeOOH,Se(+4),wat01c,wat01c_f7ab,8,Cl(-1)+K(+1),8.0944,0.1,3.75739e-07,,2.31
goethite,alpha-FeOOH,Se(+4),wat01c,wat01c_f7ab,9,Cl(-1)+K(+1),8.7305,0.1,1.46727e-07,,2.31
goethite,alpha-FeOOH,Se(+4),wat01c,wat01c_f7ab,10,Cl(-1)+K(+1),9.0328,0.1,1.59018e-08,,2.31
goethite,alpha-FeOOH,Se(+4),wat01c,wat01c_f7ac,1,Cl(-1)+K(+1),4.3094,0.1,2.64846e-06,,2.31
goethite,alpha-FeOOH,Se(+4),wat01c,wat01c_f7ac,2,Cl(-1)+K(+1),4.548,0.1,2.59888e-06,,2.31
goethite,alpha-FeOOH,Se(+4),wat01c,wat01c_f7ac,3,Cl(-1)+K(+1),5.5657,0.1,2.20329e-06,,2.31
goethite,alpha-FeOOH,Se(+4),wat01c,wat01c_f7ac,4,Cl(-1)+K(+1),6.5039,0.1,1.77081e-06,,2.31
goethite,alpha-FeOOH,Se(+4),wat01c,wat01c_f7ac,5,Cl(-1)+K(+1),6.9651,0.1,1.37586e-06,,2.31
goethite,alpha-FeOOH,Se(+4),wat01c,wat01c_f7ac,6,Cl(-1)+K(+1),7.3627,0.1,1.25215e-06,,2.31
goethite,alpha-FeOOH,Se(+4),wat01c,wat01c_f7ac,7,Cl(-1)+K(+1),7.4264,0.1,9.80921e-07,,2.31
goethite,alpha-FeOOH,Se(+4),wat01c,wat01c_f7ac,8,Cl(-1)+K(+1),8.3013,0.1,3.51313e-07,,2.31
goethite,alpha-FeOOH,Se(+4),wat01c,wat01c_f7ac,9,Cl(-1)+K(+1),9.2871,0.1,5.06232e-09,,2.31
goethite,alpha-FeOOH,Se(+4),wat01c,wat01c_f7ba,1,Cl(-1)+K(+1),3.8567,0.1,6.49336e-07,,2.31
goethite,alpha-FeOOH,Se(+4),wat01c,wat01c_f7ba,2,Cl(-1)+K(+1),4.2911,0.1,6.49192e-07,,2.31
goethite,alpha-FeOOH,Se(+4),wat01c,wat01c_f7ba,3,Cl(-1)+K(+1),4.7256,0.1,6.46012e-07,,2.31
goethite,alpha-FeOOH,Se(+4),wat01c,wat01c_f7ba,4,Cl(-1)+K(+1),5.3369,0.1,6.47327e-07,,2.31
goethite,alpha-FeOOH,Se(+4),wat01c,wat01c_f7ba,5,Cl(-1)+K(+1),5.7069,0.1,6.47203e-07,,2.31
goethite,alpha-FeOOH,Se(+4),wat01c,wat01c_f7ba,6,Cl(-1)+K(+1),5.9485,0.1,6.36499e-07,,2.31
goethite,alpha-FeOOH,Se(+4),wat01c,wat01c_f7ba,7,Cl(-1)+K(+1),6.2227,0.1,6.1364e-07,,2.31
goethite,alpha-FeOOH,Se(+4),wat01c,wat01c_f7ba,8,Cl(-1)+K(+1),6.3035,0.1,6.02989e-07,,2.31
goethite,alpha-FeOOH,Se(+4),wat01c,wat01c_f7ba,9,Cl(-1)+K(+1),6.5131,0.1,5.89259e-07,,2.31
goethite,alpha-FeOOH,Se(+4),wat01c,wat01c_f7ba,10,Cl(-1)+K(+1),6.7231,0.1,5.64905e-07,,2.31
goethite,alpha-FeOOH,Se(+4),wat01c,wat01c_f7ba,11,Cl(-1)+K(+1),7.0469,0.1,4.98014e-07,,2.31
goethite,alpha-FeOOH,Se(+4),wat01c,wat01c_f7ba,12,Cl(-1)+K(+1),6.9196,0.1,4.5404e-07,,2.31
goethite,alpha-FeOOH,Se(+4),wat01c,wat01c_f7ba,13,Cl(-1)+K(+1),7.1615,0.1,4.35746e-07,,2.31
goethite,alpha-FeOOH,Se(+4),wat01c,wat01c_f7ba,14,Cl(-1)+K(+1),7.4367,0.1,3.81014e-07,,2.31
goethite,alpha-FeOOH,Se(+4),wat01c,wat01c_f7ba,15,Cl(-1)+K(+1),7.4554,0.1,2.94493e-07,,2.31
goethite,alpha-FeOOH,Se(+4),wat01c,wat01c_f7ba,16,Cl(-1)+K(+1),8.1829,0.1,1.81934e-07,,2.31
goethite,alpha-FeOOH,Se(+4),wat01c,wat01c_f7ba,17,Cl(-1)+K(+1),8.7173,0.1,7.0956e-08,,2.31
goethite,alpha-FeOOH,Se(+4),wat01c,wat01c_f7ba,18,Cl(-1)+K(+1),8.83,0.1,6.33302e-08,,2.31
goethite,alpha-FeOOH,Se(+4),wat01c,wat01c_f7ba,19,Cl(-1)+K(+1),9.1686,0.1,4.34863e-08,,2.31
goethite,alpha-FeOOH,Se(+4),wat01c,wat01c_f7ba,20,Cl(-1)+K(+1),9.7968,0.1,1.74746e-08,,2.31
goethite,alpha-FeOOH,Se(+4),wat01c,wat01c_f7ba,21,Cl(-1)+K(+1),10.1352,0.1,2.18465e-09,,2.31
goethite,alpha-FeOOH,Se(+4),wat01c,wat01c_f7bb,1,Cl(-1)+K(+1),4.1198,0.1,4.67112e-07,,2.31
goethite,alpha-FeOOH,Se(+4),wat01c,wat01c_f7bb,2,Cl(-1)+K(+1),4.3939,0.1,4.48807e-07,,2.31
goethite,alpha-FeOOH,Se(+4),wat01c,wat01c_f7bb,3,Cl(-1)+K(+1),4.6674,0.1,4.47198e-07,,2.31
goethite,alpha-FeOOH,Se(+4),wat01c,wat01c_f7bb,4,Cl(-1)+K(+1),5.1192,0.1,4.06068e-07,,2.31
goethite,alpha-FeOOH,Se(+4),wat01c,wat01c_f7bb,5,Cl(-1)+K(+1),5.4583,0.1,3.64975e-07,,2.31
goethite,alpha-FeOOH,Se(+4),wat01c,wat01c_f7bb,6,Cl(-1)+K(+1),5.9271,0.1,2.91964e-07,,2.31
goethite,alpha-FeOOH,Se(+4),wat01c,wat01c_f7bb,7,Cl(-1)+K(+1),6.4274,0.1,2.43229e-07,,2.31
goethite,alpha-FeOOH,Se(+4),wat01c,wat01c_f7bb,8,Cl(-1)+K(+1),7.4592,0.1,1.73067e-07,,2.31
goethite,alpha-FeOOH,Se(+4),wat01c,wat01c_f7bb,9,Cl(-1)+K(+1),8.5084,0.1,6.04013e-08,,2.31
goethite,alpha-FeOOH,Se(+4),wat01c,wat01c_f7bb,10,Cl(-1)+K(+1),9.3463,0.1,2.06602e-08,,2.31
goethite,alpha-FeOOH,Se(+4),wat01c,wat01c_f7bb,11,Cl(-1)+K(+1),9.4754,0.1,6.95695e-09,,2.31
goethite,alpha-FeOOH,Se(+4),wat01c,wat01c_f7bc,1,Cl(-1)+K(+1),4.2869,0.1,2.66707e-07,,2.31
goethite,alpha-FeOOH,Se(+4),wat01c,wat01c_f7bc,2,Cl(-1)+K(+1),4.5124,0.1,2.56007e-07,,2.31
goethite,alpha-FeOOH,Se(+4),wat01c,wat01c_f7bc,3,Cl(-1)+K(+1),4.5614,0.1,2.34742e-07,,2.31
goethite,alpha-FeOOH,Se(+4),wat01c,wat01c_f7bc,4,Cl(-1)+K(+1),4.4814,0.1,2.1959e-07,,2.31
goethite,alpha-FeOOH,Se(+4),wat01c,wat01c_f7bc,5,Cl(-1)+K(+1),5.013,0.1,1.96646e-07,,2.31
goethite,alpha-FeOOH,Se(+4),wat01c,wat01c_f7bc,6,Cl(-1)+K(+1),5.1421,0.1,1.85978e-07,,2.31
goethite,alpha-FeOOH,Se(+4),wat01c,wat01c_f7bc,7,Cl(-1)+K(+1),5.4963,0.1,1.75237e-07,,2.31
goethite,alpha-FeOOH,Se(+4),wat01c,wat01c_f7bc,8,Cl(-1)+K(+1),5.8192,0.1,1.4022e-07,,2.31
goethite,alpha-FeOOH,Se(+4),wat01c,wat01c_f7bc,9,Cl(-1)+K(+1),6.4307,0.1,1.33946e-07,,2.31
goethite,alpha-FeOOH,Se(+4),wat01c,wat01c_f7bc,10,Cl(-1)+K(+1),6.8176,0.1,1.08014e-07,,2.31
goethite,alpha-FeOOH,Se(+4),wat01c,wat01c_f7bc,11,Cl(-1)+K(+1),6.9634,0.1,7.761e-08,,2.31
goethite,alpha-FeOOH,Se(+4),wat01c,wat01c_f7bc,12,Cl(-1)+K(+1),7.1089,0.1,5.47944e-08,,2.31
goethite,alpha-FeOOH,Se(+4),wat01c,wat01c_f7bc,13,Cl(-1)+K(+1),7.2224,0.1,2.74365e-08,,2.31
goethite,alpha-FeOOH,Se(+4),wat01c,wat01c_f7bc,14,Cl(-1)+K(+1),7.3834,0.1,2.43471e-08,,2.31
goethite,alpha-FeOOH,Se(+4),wat01c,wat01c_f7bc,15,Cl(-1)+K(+1),9.1218,0.1,-5.06805e-09,,2.31
goethite,alpha-FeOOH,Se(+4),wat01c,wat01c_f7bc,16,Cl(-1)+K(+1),9.6688,0.1,-5.25005e-09,,2.31
goethite,alpha-FeOOH,Se(+4),bc87,bc87_f6d,1,Cl(-1)+K(+1)+Mo(+6),7.0,0.10175701420000001,1.03486e-06,,2.31
goethite,alpha-FeOOH,Se(+4),bc87,bc87_f6d,2,Cl(-1)+K(+1)+Mo(+6),7.0,0.10826113600000001,1.00503e-06,,2.31
goethite,alpha-FeOOH,Se(+4),bc87,bc87_f6d,3,Cl(-1)+K(+1)+Mo(+6),7.0,0.11833678,9.73049e-07,,2.31
goethite,alpha-FeOOH,Se(+4),bc87,bc87_f6d,4,Cl(-1)+K(+1)+Mo(+6),7.0,0.14166946,9.52917e-07,,2.31
goethite,alpha-FeOOH,Se(+4),bc87,bc87_f6d,5,Cl(-1)+K(+1)+Mo(+6),7.0,0.18354862,9.11171e-07,,2.31
goethite,alpha-FeOOH,Se(+4),bc87,bc87_f6d,6,Cl(-1)+K(+1)+Mo(+6),7.0,0.23145778,8.63827e-07,,2.31
goethite,alpha-FeOOH,Se(+4),bc87,bc87_f6d,7,Cl(-1)+K(+1)+Mo(+6),7.0,0.28110880000000005,8.31801e-07,,2.31
goethite,alpha-FeOOH,Se(+4),bc87,bc87_f6d,8,Cl(-1)+K(+1)+Mo(+6),7.0,0.5145616000000001,6.95299e-07,,2.31
goethite,alpha-FeOOH,Se(+4),bc87,bc87_f6d,9,Cl(-1)+K(+1)+Mo(+6),7.0,0.9243585999999999,5.56692e-07,,2.31
goethite,alpha-FeOOH,Se(+4),bc87,bc87_f6f,1,Cl(-1)+K(+1)+Oxalate(-2),7.0,0.10459554,1.02887e-06,,2.31
goethite,alpha-FeOOH,Se(+4),bc87,bc87_f6f,2,Cl(-1)+K(+1)+Oxalate(-2),7.0,0.10950832,1.01779e-06,,2.31
goethite,alpha-FeOOH,Se(+4),bc87,bc87_f6f,3,Cl(-1)+K(+1)+Oxalate(-2),7.0,0.11416646000000001,1.00946e-06,,2.31
goethite,alpha-FeOOH,Se(+4),bc87,bc87_f6f,4,Cl(-1)+K(+1)+Oxalate(-2),7.0,0.11862434000000001,9.96944e-07,,2.31
goethite,alpha-FeOOH,Se(+4),bc87,bc87_f6f,5,Cl(-1)+K(+1)+Oxalate(-2),7.0,0.1468508,9.76123e-07,,2.31
goethite,alpha-FeOOH,Se(+4),bc87,bc87_f6f,6,Cl(-1)+K(+1)+Oxalate(-2),7.0,0.1984628,9.63647e-07,,2.31
goethite,alpha-FeOOH,Se(+4),bc87,bc87_f6a,1,Cl(-1)+K(+1)+P(+5),7.0,0.10000294065000001,1.03152e-06,,2.31
goethite,alpha-FeOOH,Se(+4),bc87,bc87_f6a,2,Cl(-1)+K(+1)+P(+5),7.0,0.1000058504,1.03228e-06,,2.31
goethite,alpha-FeOOH,Se(+4),bc87,bc87_f6a,3,Cl(-1)+K(+1)+P(+5),7.0,0.100008855425,1.03162e-06,,2.31
goethite,alpha-FeOOH,Se(+4),bc87,bc87_f6a,4,Cl(-1)+K(+1)+P(+5),7.0,0.10001191838750001,1.03165e-06,,2.31
goethite,alpha-FeOOH,Se(+4),bc87,bc87_f6a,5,Cl(-1)+K(+1)+P(+5),7.0,0.10002584525000001,1.03102e-06,,2.31
goethite,alpha-FeOOH,Se(+4),bc87,bc87_f6a,6,Cl(-1)+K(+1)+P(+5),7.0,0.100057821625,1.01228e-06,,2.31
goethite,alpha-FeOOH,Se(+4),bc87,bc87_f6a,7,Cl(-1)+K(+1)+P(+5),7.0,0.100122422,9.12702e-07,,2.31
goethite,alpha-FeOOH,Se(+4),bc87,bc87_f6a,8,Cl(-1)+K(+1)+P(+5),7.0,0.10028449125000001,6.6401e-07,,2.31
goethite,alpha-FeOOH,Se(+4),bc87,bc87_f6a,9,Cl(-1)+K(+1)+P(+5),7.0,0.10057898875,4.71052e-07,,2.31
goethite,alpha-FeOOH,Se(+4),bc87,bc87_f6a,10,Cl(-1)+K(+1)+P(+5),7.0,0.10125471250000001,3.30364e-07,,2.31
goethite,alpha-FeOOH,Se(+4),bc87,bc87_f6a,11,Cl(-1)+K(+1)+P(+5),7.0,0.1018835,2.57931e-07,,2.31
goethite,alpha-FeOOH,Se(+4),bc87,bc87_f6a,12,Cl(-1)+K(+1)+P(+5),7.0,0.10259493750000001,2.30087e-07,,2.31
goethite,alpha-FeOOH,Se(+4),bc87,bc87_f6a,13,Cl(-1)+K(+1)+P(+5),7.0,0.10488765,1.96696e-07,,2.31
goethite,alpha-FeOOH,Se(+4),bc87,bc87_f7a,1,Cl(-1)+K(+1)+P(+5),6.99,0.1000119669125,1.89563e-07,,2.31
goethite,alpha-FeOOH,Se(+4),bc87,bc87_f7a,2,Cl(-1)+K(+1)+P(+5),6.99,0.10002382250000001,1.89487e-07,,2.31
goethite,alpha-FeOOH,Se(+4),bc87,bc87_f7a,3,Cl(-1)+K(+1)+P(+5),6.99,0.10005955600000001,1.88974e-07,,2.31
goethite,alpha-FeOOH,Se(+4),bc87,bc87_f7a,4,Cl(-1)+K(+1)+P(+5),6.99,0.10011828075000001,1.64502e-07,,2.31
goethite,alpha-FeOOH,Se(+4),bc87,bc87_f7b,1,Cl(-1)+K(+1)+P(+5),6.99,0.1000652015,1.0165e-06,,2.31
goethite,alpha-FeOOH,Se(+4),bc87,bc87_f7b,2,Cl(-1)+K(+1)+P(+5),6.99,0.10013315625000001,9.10416e-07,,2.31
goethite,alpha-FeOOH,Se(+4),bc87,bc87_f7b,3,Cl(-1)+K(+1)+P(+5),6.99,0.1003248275,6.61024e-07,,2.31
goethite,alpha-FeOOH,Se(+4),bc87,bc87_f7b,4,Cl(-1)+K(+1)+P(+5),6.99,0.10064993250000001,4.62488e-07,,2.31
goethite,alpha-FeOOH,Se(+4),bc87,bc87_f7c,1,Cl(-1)+K(+1)+P(+5),6.99,0.10021959500000001,3.51104e-05,,2.31
goethite,alpha-FeOOH,Se(+4),bc87,bc87_f7c,2,Cl(-1)+K(+1)+P(+5),6.99,0.10072740250000001,3.32096e-05,,2.31
goethite,alpha-FeOOH,Se(+4),bc87,bc87_f7c,3,Cl(-1)+K(+1)+P(+5),6.99,0.10122110250000001,2.89624e-05,,2.31
goethite,alpha-FeOOH,Se(+4),bc87,bc87_f7c,4,Cl(-1)+K(+1)+P(+5),6.99,0.1030781,2.26066e-05,,2.31
goethite,alpha-FeOOH,Se(+4),bc87,bc87_f7c,5,Cl(-1)+K(+1)+P(+5),6.99,0.1062112625,1.58648e-05,,2.31
goethite,alpha-FeOOH,Se(+4),bc87,bc87_f7c,6,Cl(-1)+K(+1)+P(+5),6.99,0.115434875,8.7912e-06,,2.31
goethite,alpha-FeOOH,Se(+4),bc87,bc87_f7c,7,Cl(-1)+K(+1)+P(+5),6.99,0.1308495,6.14295e-06,,2.31
goethite,alpha-FeOOH,Se(+4),bc87,bc87_f6h,1,Cl(-1)+K(+1)+S(+6),7.0,0.100413613,1.03612e-06,,2.31
goethite,alpha-FeOOH,Se(+4),bc87,bc87_f6h,2,Cl(-1)+K(+1)+S(+6),7.0,0.11709580600000001,1.03437e-06,,2.31
goethite,alpha-FeOOH,Se(+4),bc87,bc87_f6h,3,Cl(-1)+K(+1)+S(+6),7.0,0.19110592,1.03521e-06,,2.31
goethite,alpha-FeOOH,Se(+4),bc87,bc87_f6h,4,Cl(-1)+K(+1)+S(+6),7.0,0.29298520000000006,1.03668e-06,,2.31
goethite,alpha-FeOOH,Se(+4),bc87,bc87_f6h,5,Cl(-1)+K(+1)+S(+6),7.0,0.9327268,1.03751e-06,,2.31
goethite,alpha-FeOOH,Se(+4),bc87,bc87_f6c,1,Cl(-1)+K(+1)+Si(+4),7.0,0.1003774072,1.03827e-06,,2.31
goethite,alpha-FeOOH,Se(+4),bc87,bc87_f6c,2,Cl(-1)+K(+1)+Si(+4),7.0,0.10183078400000001,9.98697e-07,,2.31
goethite,alpha-FeOOH,Se(+4),bc87,bc87_f6c,3,Cl(-1)+K(+1)+Si(+4),7.0,0.103671224,9.82734e-07,,2.31
goethite,alpha-FeOOH,Se(+4),bc87,bc87_f6c,4,Cl(-1)+K(+1)+Si(+4),7.0,0.1061016,9.43758e-07,,2.31
goethite,alpha-FeOOH,Se(+4),bc87,bc87_f6c,5,Cl(-1)+K(+1)+Si(+4),7.0,0.107896272,9.06849e-07,,2.31
goethite,alpha-FeOOH,Se(+4),bc87,bc87_f6c,6,Cl(-1)+K(+1)+Si(+4),7.0,0.1190832,6.77672e-07,,2.31
goethite,alpha-FeOOH,Se(+4),bc87,bc87_f6c,7,Cl(-1)+K(+1)+Si(+4),7.0,0.13764344,4.94468e-07,,2.31
goethite,alpha-FeOOH,Se(+4),bc87,bc87_f6c,8,Cl(-1)+K(+1)+Si(+4),7.0,0.1790716,3.73287e-07,,2.31
goethite,alpha-FeOOH,Se(+4),bchssy98,bchssy98_f4b,1,Cl(-1)+Na(+1),5.6974,0.01,0.000100325,,2.31
goethite,alpha-FeOOH,Se(+4),bchssy98,bchssy98_f4b,2,Cl(-1)+Na(+1),5.855,0.01,0.000100324,,2.31
goethite,alpha-FeOOH,Se(+4),bchssy98,bchssy98_f4b,3,Cl(-1)+Na(+1),6.0802,0.01,0.000100603,,2.31
goethite,alpha-FeOOH,Se(+4),bchssy98,bchssy98_f4b,4,Cl(-1)+Na(+1),6.3277,0.01,0.000100601,,2.31
goethite,alpha-FeOOH,Se(+4),bchssy98,bchssy98_f4b,5,Cl(-1)+Na(+1),6.5303,0.01,0.000100319,,2.31
goethite,alpha-FeOOH,Se(+4),bchssy98,bchssy98_f4b,6,Cl(-1)+Na(+1),6.7555,0.01,0.000100598,,2.31
goethite,alpha-FeOOH,Se(+4),bchssy98,bchssy98_f4b,7,Cl(-1)+Na(+1),7.0031,0.01,0.000100597,,2.31
goethite,alpha-FeOOH,Se(+4),bchssy98,bchssy98_f4b,8,Cl(-1)+Na(+1),7.2279,0.01,0.000100034,,2.31
goethite,alpha-FeOOH,Se(+4),bchssy98,bchssy98_f4b,9,Cl(-1)+Na(+1),7.5207,0.01,0.000100312,,2.31
goethite,alpha-FeOOH,Se(+4),bchssy98,bchssy98_f4b,10,Cl(-1)+Na(+1),8.5466,0.01,8.14979e-05,,2.31
goethite,alpha-FeOOH,Se(+4),bchssy98,bchssy98_f4b,11,Cl(-1)+Na(+1),9.8296,0.01,8.14889e-05,,2.31
goethite,alpha-FeOOH,Se(+4),bchssy98,bchssy98_f4b,12,Cl(-1)+Na(+1),10.3377,0.01,6.23976e-05,,2.31
goethite,alpha-FeOOH,Se(+4),bchssy98,bchssy98_f4b,13,Cl(-1)+Na(+1),10.9237,0.01,1.94461e-05,,2.31
goethite,alpha-FeOOH,Se(+4),bchssy98,bchssy98_f4b,14,Cl(-1)+Na(+1),11.6888,0.01,1.88794e-05,,2.31
goethite,alpha-FeOOH,Se(+4),bchssy98,bchssy98_f4b,15,Cl(-1)+Na(+1),11.4603,0.01,1.21441e-05,,2.31
goethite,alpha-FeOOH,Se(+4),bchssy98,bchssy98_f4b,16,Cl(-1)+Na(+1),11.7727,0.01,6.8086e-06,,2.31
goethite,alpha-FeOOH,Se(+4),bchssy98,bchssy98_f4b,17,Cl(-1)+Na(+1),12.0205,0.01,7.0876e-06,,2.31
goethite,alpha-FeOOH,Se(+4),zs90a,zs90a_f4,1,Cl(-1)+Na(+1),6.3958,0.02,0.0043172,,2.31
goethite,alpha-FeOOH,Se(+4),zs90a,zs90a_f4,2,Cl(-1)+Na(+1),7.0227,0.02,0.0041408,,2.31
goethite,alpha-FeOOH,Se(+4),zs90a,zs90a_f4,3,Cl(-1)+Na(+1),7.5119,0.02,0.0039975,,2.31
goethite,alpha-FeOOH,Se(+4),zs90a,zs90a_f4,4,Cl(-1)+Na(+1),7.8087,0.02,0.0036683,,2.31
goethite,alpha-FeOOH,Se(+4),zs90a,zs90a_f4,5,Cl(-1)+Na(+1),8.3468,0.02,0.00324,,2.31
goethite,alpha-FeOOH,Se(+4),zs90a,zs90a_f4,6,Cl(-1)+Na(+1),8.7191,0.02,0.0029435,,2.31
goethite,alpha-FeOOH,Se(+4),zs90a,zs90a_f4,7,Cl(-1)+Na(+1),9.0574,0.02,0.0026141,,2.31
goethite,alpha-FeOOH,Se(+4),zs90a,zs90a_f4,8,Cl(-1)+Na(+1),9.3267,0.02,0.0022959,,2.31
goethite,alpha-FeOOH,Se(+4),zs90a,zs90a_f4,9,Cl(-1)+Na(+1),9.6374,0.02,0.0019009,,2.31
goethite,alpha-FeOOH,Se(+4),zs90a,zs90a_f4,10,Cl(-1)+Na(+1),10.1622,0.02,0.0012425,,2.31
goethite,alpha-FeOOH,Se(+4),nfhpl17,nfhpl17_f2ac,1,Cl(-1)+Na(+1),4.8997,0.01,0.000223233,,2.31
goethite,alpha-FeOOH,Se(+4),nfhpl17,nfhpl17_f2ac,2,Cl(-1)+Na(+1),5.9409,0.01,0.000215118,,2.31
goethite,alpha-FeOOH,Se(+4),nfhpl17,nfhpl17_f2ac,3,Cl(-1)+Na(+1),6.9141,0.01,0.000202563,,2.31
goethite,alpha-FeOOH,Se(+4),nfhpl17,nfhpl17_f2ac,4,Cl(-1)+Na(+1),7.428,0.01,0.000197554,,2.31
goethite,alpha-FeOOH,Se(+4),nfhpl17,nfhpl17_f2ac,5,Cl(-1)+Na(+1),7.9156,0.01,0.000187477,,2.31
goethite,alpha-FeOOH,Se(+4),nfhpl17,nfhpl17_f2ac,6,Cl(-1)+Na(+1),8.4324,0.01,0.000171704,,2.31
goethite,alpha-FeOOH,Se(+4),nfhpl17,nfhpl17_f2ac,7,Cl(-1)+Na(+1),8.9497,0.01,0.000154031,,2.31
goethite,alpha-FeOOH,Se(+4),nfhpl17,nfhpl17_f2ac,8,Cl(-1)+Na(+1),9.4411,0.01,0.000129388,,2.31
goethite,alpha-FeOOH,Se(+4),nfhpl17,nfhpl17_f2ac,9,Cl(-1)+Na(+1),10.445,0.01,5.28755e-05,,2.31
goethite,alpha-FeOOH,Se(+4),nfhpl17,nfhpl17_f2ac,10,Cl(-1)+Na(+1),10.9667,0.01,1.87375e-05,,2.31
goethite,alpha-FeOOH,Se(+4),hpq71,hpq71_f1b,1,Cl(-1)+Na(+1),3.0541,0.1,0.000976223,20.0,2.31
goethite,alpha-FeOOH,Se(+4),hpq71,hpq71_f1b,2,Cl(-1)+Na(+1),3.3785,0.1,0.000967847,20.0,2.31
goethite,alpha-FeOOH,Se(+4),hpq71,hpq71_f1b,3,Cl(-1)+Na(+1),3.6524,0.1,0.000945916,20.0,2.31
goethite,alpha-FeOOH,Se(+4),hpq71,hpq71_f1b,4,Cl(-1)+Na(+1),3.9121,0.1,0.000953671,20.0,2.31
goethite,alpha-FeOOH,Se(+4),hpq71,hpq71_f1b,5,Cl(-1)+Na(+1),4.0924,0.1,0.000964003,20.0,2.31
goethite,alpha-FeOOH,Se(+4),hpq71,hpq71_f1b,6,Cl(-1)+Na(+1),4.9937,0.1,0.000935645,20.0,2.31
goethite,alpha-FeOOH,Se(+4),hpq71,hpq71_f1b,7,Cl(-1)+Na(+1),6.2988,0.1,0.000903432,20.0,2.31
goethite,alpha-FeOOH,Se(+4),hpq71,hpq71_f1b,8,Cl(-1)+Na(+1),6.6808,0.1,0.000903447,20.0,2.31
goethite,alpha-FeOOH,Se(+4),hpq71,hpq71_f1b,9,Cl(-1)+Na(+1),6.8035,0.1,0.000892481,20.0,2.31
goethite,alpha-FeOOH,Se(+4),hpq71,hpq71_f1b,10,Cl(-1)+Na(+1),7.4813,0.1,0.000837656,20.0,2.31
goethite,alpha-FeOOH,Se(+4),hpq71,hpq71_f1b,11,Cl(-1)+Na(+1),7.7841,0.1,0.000839604,20.0,2.31
goethite,alpha-FeOOH,Se(+4),hpq71,hpq71_f1b,12,Cl(-1)+Na(+1),7.7841,0.1,0.000824761,20.0,2.31
goethite,alpha-FeOOH,Se(+4),hpq71,hpq71_f1b,13,Cl(-1)+Na(+1),8.0726,0.1,0.000789925,20.0,2.31
goethite,alpha-FeOOH,Se(+4),hpq71,hpq71_f1b,14,Cl(-1)+Na(+1),8.361,0.1,0.000791228,20.0,2.31
goethite,alpha-FeOOH,Se(+4),hpq71,hpq71_f1b,15,Cl(-1)+Na(+1),8.1374,0.1,0.000773149,20.0,2.31
goethite,alpha-FeOOH,Se(+4),hpq71,hpq71_f1b,16,Cl(-1)+Na(+1),8.361,0.1,0.000769286,20.0,2.31
goethite,alpha-FeOOH,Se(+4),hpq71,hpq71_f1b,17,Cl(-1)+Na(+1),8.5629,0.1,0.000754452,20.0,2.31
goethite,alpha-FeOOH,Se(+4),hpq71,hpq71_f1b,18,Cl(-1)+Na(+1),8.9739,0.1,0.000711877,20.0,2.31
goethite,alpha-FeOOH,Se(+4),hpq71,hpq71_f1b,19,Cl(-1)+Na(+1),8.8801,0.1,0.000694449,20.0,2.31
goethite,alpha-FeOOH,Se(+4),hpq71,hpq71_f1b,20,Cl(-1)+Na(+1),9.0604,0.1,0.000678323,20.0,2.31
goethite,alpha-FeOOH,Se(+4),hpq71,hpq71_f1b,21,Cl(-1)+Na(+1),9.5579,0.1,0.000575091,20.0,2.31
goethite,alpha-FeOOH,Se(+4),hpq71,hpq71_f1b,22,Cl(-1)+Na(+1),9.8463,0.1,0.000467978,20.0,2.31
goethite,alpha-FeOOH,Se(+4),hpq71,hpq71_f1b,23,Cl(-1)+Na(+1),10.1924,0.1,0.000387326,20.0,2.31
goethite,alpha-FeOOH,Se(+4),hpq71,hpq71_f1b,24,Cl(-1)+Na(+1),10.9567,0.1,0.000214409,20.0,2.31
goethite,alpha-FeOOH,Se(+4),hpq71,hpq71_f1b,25,Cl(-1)+Na(+1),11.0793,0.1,0.000195699,20.0,2.31
goethite,alpha-FeOOH,Se(+4),hpq71,hpq71_f1b,26,Cl(-1)+Na(+1),11.62,0.1,8.85965e-05,20.0,2.31
goethite,alpha-FeOOH,Se(+4),hpq71,hpq71_f1b,27,Cl(-1)+Na(+1),11.7932,0.1,0.000104091,20.0,2.31
goethite,alpha-FeOOH,Se(+4),hpq71,hpq71_f1b,28,Cl(-1)+Na(+1),11.7715,0.1,7.24693e-05,20.0,2.31
goethite,alpha-FeOOH,Se(+4),hpq71,hpq71_f2ca,1,Cl(-1)+Na(+1),3.1344,0.1,0.000982919,20.0,2.31
goethite,alpha-FeOOH,Se(+4),hpq71,hpq71_f2ca,2,Cl(-1)+Na(+1),3.4134,0.1,0.000975017,20.0,2.31
goethite,alpha-FeOOH,Se(+4),hpq71,hpq71_f2ca,3,Cl(-1)+Na(+1),3.5131,0.1,0.000946731,20.0,2.31
goethite,alpha-FeOOH,Se(+4),hpq71,hpq71_f2ca,4,Cl(-1)+Na(+1),4.0227,0.1,0.000963743,20.0,2.31
goethite,alpha-FeOOH,Se(+4),hpq71,hpq71_f2ca,5,Cl(-1)+Na(+1),4.1371,0.1,0.000964882,20.0,2.31
goethite,alpha-FeOOH,Se(+4),hpq71,hpq71_f2ca,6,Cl(-1)+Na(+1),6.295,0.1,0.000925424,20.0,2.31
goethite,alpha-FeOOH,Se(+4),hpq71,hpq71_f2ca,7,Cl(-1)+Na(+1),6.713,0.1,0.000906215,20.0,2.31
goethite,alpha-FeOOH,Se(+4),hpq71,hpq71_f2ca,8,Cl(-1)+Na(+1),6.8523,0.1,0.000897171,20.0,2.31
goethite,alpha-FeOOH,Se(+4),hpq71,hpq71_f2ca,9,Cl(-1)+Na(+1),7.8939,0.1,0.000889322,20.0,2.31
goethite,alpha-FeOOH,Se(+4),hpq71,hpq71_f2ca,10,Cl(-1)+Na(+1),7.6108,0.1,0.000834979,20.0,2.31
goethite,alpha-FeOOH,Se(+4),hpq71,hpq71_f2ca,11,Cl(-1)+Na(+1),7.8397,0.1,0.000837259,20.0,2.31
goethite,alpha-FeOOH,Se(+4),hpq71,hpq71_f2ca,12,Cl(-1)+Na(+1),8.1419,0.1,0.000795406,20.0,2.31
goethite,alpha-FeOOH,Se(+4),hpq71,hpq71_f2ca,13,Cl(-1)+Na(+1),8.3956,0.1,0.000787502,20.0,2.31
goethite,alpha-FeOOH,Se(+4),hpq71,hpq71_f2ca,14,Cl(-1)+Na(+1),8.2678,0.1,0.000777307,20.0,2.31
goethite,alpha-FeOOH,Se(+4),hpq71,hpq71_f2ca,15,Cl(-1)+Na(+1),8.2414,0.1,0.000762593,20.0,2.31
goethite,alpha-FeOOH,Se(+4),hpq71,hpq71_f2ca,16,Cl(-1)+Na(+1),8.4071,0.1,0.000769395,20.0,2.31
goethite,alpha-FeOOH,Se(+4),hpq71,hpq71_f2ca,17,Cl(-1)+Na(+1),8.6465,0.1,0.000738855,20.0,2.31
goethite,alpha-FeOOH,Se(+4),hpq71,hpq71_f2ca,18,Cl(-1)+Na(+1),9.0514,0.1,0.00071059,20.0,2.31
goethite,alpha-FeOOH,Se(+4),hpq71,hpq71_f2ca,19,Cl(-1)+Na(+1),9.1128,0.1,0.000677774,20.0,2.31
goethite,alpha-FeOOH,Se(+4),hpq71,hpq71_f2ca,20,Cl(-1)+Na(+1),9.2256,0.1,0.000654016,20.0,2.31
goethite,alpha-FeOOH,Se(+4),hpq71,hpq71_f2ca,21,Cl(-1)+Na(+1),9.6157,0.1,0.000595194,20.0,2.31
goethite,alpha-FeOOH,Se(+4),hpq71,hpq71_f2ca,22,Cl(-1)+Na(+1),9.6143,0.1,0.000575954,20.0,2.31
goethite,alpha-FeOOH,Se(+4),hpq71,hpq71_f2ca,23,Cl(-1)+Na(+1),9.9254,0.1,0.000472988,20.0,2.31
goethite,alpha-FeOOH,Se(+4),hpq71,hpq71_f2ca,24,Cl(-1)+Na(+1),10.2247,0.1,0.000385866,20.0,2.31
goethite,alpha-FeOOH,Se(+4),hpq71,hpq71_f2ca,25,Cl(-1)+Na(+1),11.0145,0.1,0.000221821,20.0,2.31
goethite,alpha-FeOOH,Se(+4),hpq71,hpq71_f2ca,26,Cl(-1)+Na(+1),11.1144,0.1,0.000194666,20.0,2.31
goethite,alpha-FeOOH,Se(+4),hpq71,hpq71_f2ca,27,Cl(-1)+Na(+1),11.7436,0.1,9.85133e-05,20.0,2.31
goethite,alpha-FeOOH,Se(+4),hpq71,hpq71_f2ca,28,Cl(-1)+Na(+1),11.641,0.1,8.49254e-05,20.0,2.31
goethite,alpha-FeOOH,Se(+4),hpq71,hpq71_f2ca,29,Cl(-1)+Na(+1),11.7161,0.1,6.79545e-05,20.0,2.31
goethite,alpha-FeOOH,Se(+4),hpq71,hpq71_f2ca,30,Cl(-1)+Na(+1),11.8683,0.1,6.34384e-05,20.0,2.31
goethite,alpha-FeOOH,Se(+4),rgmmd08,rgmmd08_f3aa,1,Cl(-1)+Na(+1),4.0,0.1,2.64416e-06,,2.31
goethite,alpha-FeOOH,Se(+4),rgmmd08,rgmmd08_f3aa,2,Cl(-1)+Na(+1),4.0,0.1,3.30524e-06,,2.31
goethite,alpha-FeOOH,Se(+4),rgmmd08,rgmmd08_f3aa,3,Cl(-1)+Na(+1),4.0,0.1,5.66026e-06,,2.31
goethite,alpha-FeOOH,Se(+4),rgmmd08,rgmmd08_f3aa,4,Cl(-1)+Na(+1),4.0,0.1,1.12791e-05,,2.31
goethite,alpha-FeOOH,Se(+4),rgmmd08,rgmmd08_f3aa,5,Cl(-1)+Na(+1),4.0,0.1,2.02035e-05,,2.31
goethite,alpha-FeOOH,Se(+4),rgmmd08,rgmmd08_f3aa,6,Cl(-1)+Na(+1),4.0,0.1,2.56566e-05,,2.31
goethite,alpha-FeOOH,Se(+4),rgmmd08,rgmmd08_f3aa,7,Cl(-1)+Na(+1),4.0,0.1,2.94576e-05,,2.31
goethite,alpha-FeOOH,Se(+4),rgmmd08,rgmmd08_f4aa,1,Cl(-1)+Na(+1),2.0585,0.1,9.61261e-06,,2.31
goethite,alpha-FeOOH,Se(+4),rgmmd08,rgmmd08_f4aa,2,Cl(-1)+Na(+1),7.5783,0.1,3.69446e-06,,2.31
goethite,alpha-FeOOH,Se(+4),rgmmd08,rgmmd08_f4aa,3,Cl(-1)+Na(+1),7.6834,0.1,5.93317e-06,,2.31
goethite,alpha-FeOOH,Se(+4),rgmmd08,rgmmd08_f4aa,4,Cl(-1)+Na(+1),8.8656,0.1,2.67444e-06,,2.31
goethite,alpha-FeOOH,Se(+4),rgmmd08,rgmmd08_f4aa,5,Cl(-1)+Na(+1),9.2183,0.1,2.32218e-06,,2.31
goethite,alpha-FeOOH,Se(+4),rgmmd08,rgmmd08_f4aa,6,Cl(-1)+Na(+1),10.9108,0.1,1.78463e-06,,2.31
goethite,alpha-FeOOH,Se(+4),hpq72,hpq72_f1ea,1,Cl(-1)+Na(+1),4.7549,0.1,0.000865916,22.0,2.31
goethite,alpha-FeOOH,Se(+4),hpq72,hpq72_f1ea,2,Cl(-1)+Na(+1),6.1195,0.1,0.000848662,22.0,2.31
goethite,alpha-FeOOH,Se(+4),hpq72,hpq72_f1ea,3,Cl(-1)+Na(+1),7.1419,0.1,0.000812958,22.0,2.31
goethite,alpha-FeOOH,Se(+4),hpq72,hpq72_f1ea,4,Cl(-1)+Na(+1),8.0212,0.1,0.00075716,22.0,2.31
goethite,alpha-FeOOH,Se(+4),hpq72,hpq72_f1ea,5,Cl(-1)+Na(+1),8.5165,0.1,0.000701745,22.0,2.31
goethite,alpha-FeOOH,Se(+4),hpq72,hpq72_f1ea,6,Cl(-1)+Na(+1),8.7004,0.1,0.000678437,22.0,2.31
goethite,alpha-FeOOH,Se(+4),hpq72,hpq72_f1ea,7,Cl(-1)+Na(+1),8.8129,0.1,0.000649418,22.0,2.31
goethite,alpha-FeOOH,Se(+4),hpq72,hpq72_f1ea,8,Cl(-1)+Na(+1),8.9823,0.1,0.000621788,22.0,2.31
goethite,alpha-FeOOH,Se(+4),hpq72,hpq72_f1ea,9,Cl(-1)+Na(+1),9.1376,0.1,0.000597063,22.0,2.31
goethite,alpha-FeOOH,Se(+4),hpq72,hpq72_f1ea,10,Cl(-1)+Na(+1),9.2365,0.1,0.000581066,22.0,2.31
goethite,alpha-FeOOH,Se(+4),hpq72,hpq72_f1ea,11,Cl(-1)+Na(+1),9.3639,0.1,0.000569376,22.0,2.31
goethite,alpha-FeOOH,Se(+4),hpq72,hpq72_f1ea,12,Cl(-1)+Na(+1),9.5604,0.1,0.000509922,22.0,2.31
goethite,alpha-FeOOH,Se(+4),hpq72,hpq72_f1ea,13,Cl(-1)+Na(+1),9.8422,0.1,0.000448937,22.0,2.31
goethite,alpha-FeOOH,Se(+4),hpq72,hpq72_f1ea,14,Cl(-1)+Na(+1),10.0394,0.1,0.000405381,22.0,2.31
goethite,alpha-FeOOH,Se(+4),hpq72,hpq72_f1ea,15,Cl(-1)+Na(+1),10.2652,0.1,0.000367578,22.0,2.31
goethite,alpha-FeOOH,Se(+4),hpq72,hpq72_f1ea,16,Cl(-1)+Na(+1),10.4627,0.1,0.000329802,22.0,2.31
goethite,alpha-FeOOH,Se(+4),hpq72,hpq72_f1ea,17,Cl(-1)+Na(+1),10.7433,0.1,0.000244248,22.0,2.31
goethite,alpha-FeOOH,Se(+4),hpq72,hpq72_f1ea,18,Cl(-1)+Na(+1),10.9969,0.1,0.000191963,22.0,2.31
goethite,alpha-FeOOH,Se(+4),ss00,ss00_f2ad,1,Cl(-1)+Na(+1),3.7842,1.0,9.19388e-05,,2.31
goethite,alpha-FeOOH,Se(+4),ss00,ss00_f2ad,2,Cl(-1)+Na(+1),4.7617,1.0,9.09184e-05,,2.31
goethite,alpha-FeOOH,Se(+4),ss00,ss00_f2ad,3,Cl(-1)+Na(+1),5.7141,1.0,8.95577e-05,,2.31
goethite,alpha-FeOOH,Se(+4),ss00,ss00_f2ad,4,Cl(-1)+Na(+1),7.058,1.0,8.91497e-05,,2.31
goethite,alpha-FeOOH,Se(+4),ss00,ss00_f2ad,5,Cl(-1)+Na(+1),8.3287,1.0,7.95577e-05,,2.31
goethite,alpha-FeOOH,Se(+4),ss00,ss00_f2ad,6,Cl(-1)+Na(+1),9.0181,1.0,6.9966e-05,,2.31
goethite,alpha-FeOOH,Se(+4),ss00,ss00_f2ad,7,Cl(-1)+Na(+1),9.3643,1.0,5.32313e-05,,2.31
goethite,alpha-FeOOH,Se(+4),ss00,ss00_f2ad,8,Cl(-1)+Na(+1),9.9033,1.0,3.92857e-05,,2.31
goethite,alpha-FeOOH,Se(+4),ss00,ss00_f2ad,9,Cl(-1)+Na(+1),10.3502,1.0,2.38435e-05,,2.31
goethite,alpha-FeOOH,Se(+4),ss00,ss00_f2ad,10,Cl(-1)+Na(+1),10.7546,1.0,9.4898e-06,,2.31
goethite,alpha-FeOOH,Se(+4),ss00,ss00_f2ae,1,Cl(-1)+Na(+1),4.145,0.1,9.69048e-05,,2.31
goethite,alpha-FeOOH,Se(+4),ss00,ss00_f2ae,2,Cl(-1)+Na(+1),5.4764,0.1,9.56803e-05,,2.31
goethite,alpha-FeOOH,Se(+4),ss00,ss00_f2ae,3,Cl(-1)+Na(+1),7.5332,0.1,9.17347e-05,,2.31
goethite,alpha-FeOOH,Se(+4),ss00,ss00_f2ae,4,Cl(-1)+Na(+1),8.0323,0.1,8.48639e-05,,2.31
goethite,alpha-FeOOH,Se(+4),ss00,ss00_f2ae,5,Cl(-1)+Na(+1),8.8121,0.1,8.29592e-05,,2.31
goethite,alpha-FeOOH,Se(+4),ss00,ss00_f2ae,6,Cl(-1)+Na(+1),9.2077,0.1,6.9898e-05,,2.31
goethite,alpha-FeOOH,Se(+4),ss00,ss00_f2ae,7,Cl(-1)+Na(+1),9.68,0.1,5.38435e-05,,2.31
goethite,alpha-FeOOH,Se(+4),ss00,ss00_f2ae,8,Cl(-1)+Na(+1),9.9876,0.1,3.92177e-05,,2.31
goethite,alpha-FeOOH,Se(+4),ss00,ss00_f2ae,9,Cl(-1)+Na(+1),10.4759,0.1,2.60204e-05,,2.31
goethite,alpha-FeOOH,Se(+4),ss00,ss00_f2ae,10,Cl(-1)+Na(+1),10.8669,0.1,1.43878e-05,,2.31
goethite,alpha-FeOOH,Se(+4),ss00,ss00_f2af,1,Cl(-1)+Na(+1),4.145,0.01,9.69048e-05,,2.31
goethite,alpha-FeOOH,Se(+4),ss00,ss00_f2af,2,Cl(-1)+Na(+1),5.4764,0.01,9.56803e-05,,2.31
goethite,alpha-FeOOH,Se(+4),ss00,ss00_f2af,3,Cl(-1)+Na(+1),7.5332,0.01,9.17347e-05,,2.31
goethite,alpha-FeOOH,Se(+4),ss00,ss00_f2af,4,Cl(-1)+Na(+1),8.0323,0.01,8.48639e-05,,2.31
goethite,alpha-FeOOH,Se(+4),ss00,ss00_f2af,5,Cl(-1)+Na(+1),8.8121,0.01,8.29592e-05,,2.31
goethite,alpha-FeOOH,Se(+4),ss00,ss00_f2af,6,Cl(-1)+Na(+1),9.2077,0.01,6.9898e-05,,2.31
goethite,alpha-FeOOH,Se(+4),ss00,ss00_f2af,7,Cl(-1)+Na(+1),9.68,0.01,5.38435e-05,,2.31
goethite,alpha-FeOOH,Se(+4),ss00,ss00_f2af,8,Cl(-1)+Na(+1),9.9876,0.01,3.92177e-05,,2.31
goethite,alpha-FeOOH,Se(+4),ss00,ss00_f2af,9,Cl(-1)+Na(+1),10.4759,0.01,2.60204e-05,,2.31
goethite,alpha-FeOOH,Se(+4),ss00,ss00_f2af,10,Cl(-1)+Na(+1),10.8669,0.01,1.43878e-05,,2.31
goethite,alpha-FeOOH,Se(+4),ss00,ss00_f2af,11,Cl(-1)+Na(+1),3.9723,0.01,9.69048e-05,,2.31
goethite,alpha-FeOOH,Se(+4),ss00,ss00_f2af,12,Cl(-1)+Na(+1),4.9534,0.01,9.79252e-05,,2.31
goethite,alpha-FeOOH,Se(+4),ss00,ss00_f2af,13,Cl(-1)+Na(+1),7.0057,0.01,9.4932e-05,,2.31
goethite,alpha-FeOOH,Se(+4),ss00,ss00_f2af,14,Cl(-1)+Na(+1),8.1142,0.01,9.27551e-05,,2.31
goethite,alpha-FeOOH,Se(+4),ss00,ss00_f2af,15,Cl(-1)+Na(+1),8.9985,0.01,7.93537e-05,,2.31
goethite,alpha-FeOOH,Se(+4),ss00,ss00_f2af,16,Cl(-1)+Na(+1),9.5083,0.01,6.48639e-05,,2.31
goethite,alpha-FeOOH,Se(+4),ss00,ss00_f2af,17,Cl(-1)+Na(+1),9.8625,0.01,4.90136e-05,,2.31
goethite,alpha-FeOOH,Se(+4),ss00,ss00_f2af,18,Cl(-1)+Na(+1),10.204,0.01,3.38435e-05,,2.31
goethite,alpha-FeOOH,Se(+4),ss00,ss00_f2af,19,Cl(-1)+Na(+1),10.5807,0.01,1.33673e-05,,2.31
goethite,alpha-FeOOH,Se(+4),ss00,ss00_f2af,20,Cl(-1)+Na(+1),10.963,0.01,2.1429e-06,,2.31
goethite,alpha-FeOOH,Se(+4),ss00,ss00_f2bd,1,Cl(-1)+Na(+1),2.568,1.0,0.000326785,,2.31
goethite,alpha-FeOOH,Se(+4),ss00,ss00_f2bd,2,Cl(-1)+Na(+1),2.9723,1.0,0.000313014,,2.31
goethite,alpha-FeOOH,Se(+4),ss00,ss00_f2bd,3,Cl(-1)+Na(+1),3.3261,1.0,0.000301988,,2.31
goethite,alpha-FeOOH,Se(+4),ss00,ss00_f2bd,4,Cl(-1)+Na(+1),3.9612,1.0,0.000248125,,2.31
goethite,alpha-FeOOH,Se(+4),ss00,ss00_f2bd,5,Cl(-1)+Na(+1),5.3984,1.0,0.000228568,,2.31
goethite,alpha-FeOOH,Se(+4),ss00,ss00_f2bd,6,Cl(-1)+Na(+1),5.9655,1.0,0.000216564,,2.31
goethite,alpha-FeOOH,Se(+4),ss00,ss00_f2bd,7,Cl(-1)+Na(+1),7.5036,1.0,0.000216984,,2.31
goethite,alpha-FeOOH,Se(+4),ss00,ss00_f2bd,8,Cl(-1)+Na(+1),7.9133,1.0,0.000217763,,2.31
goethite,alpha-FeOOH,Se(+4),ss00,ss00_f2bd,9,Cl(-1)+Na(+1),8.3688,1.0,0.000162138,,2.31
goethite,alpha-FeOOH,Se(+4),ss00,ss00_f2bd,10,Cl(-1)+Na(+1),9.0822,1.0,0.000124621,,2.31
goethite,alpha-FeOOH,Se(+4),ss00,ss00_f2bd,11,Cl(-1)+Na(+1),10.5981,1.0,9.3216e-05,,2.31
goethite,alpha-FeOOH,Se(+4),ss00,ss00_f2bd,12,Cl(-1)+Na(+1),10.9405,1.0,9.1288e-05,,2.31
goethite,alpha-FeOOH,Se(+4),ss00,ss00_f2bd,13,Cl(-1)+Na(+1),11.1934,1.0,7.7565e-05,,2.31
goethite,alpha-FeOOH,Se(+4),ss00,ss00_f2be,1,Cl(-1)+Na(+1),2.7201,0.1,0.000287629,,2.31
goethite,alpha-FeOOH,Se(+4),ss00,ss00_f2be,2,Cl(-1)+Na(+1),3.0904,0.1,0.000298425,,2.31
goethite,alpha-FeOOH,Se(+4),ss00,ss00_f2be,3,Cl(-1)+Na(+1),3.4218,0.1,0.00027922,,2.31
goethite,alpha-FeOOH,Se(+4),ss00,ss00_f2be,4,Cl(-1)+Na(+1),4.4494,0.1,0.000257065,,2.31
goethite,alpha-FeOOH,Se(+4),ss00,ss00_f2be,5,Cl(-1)+Na(+1),5.1512,0.1,0.000248656,,2.31
goethite,alpha-FeOOH,Se(+4),ss00,ss00_f2be,6,Cl(-1)+Na(+1),6.476,0.1,0.000240958,,2.31
goethite,alpha-FeOOH,Se(+4),ss00,ss00_f2be,7,Cl(-1)+Na(+1),7.8961,0.1,0.000236867,,2.31
goethite,alpha-FeOOH,Se(+4),ss00,ss00_f2be,8,Cl(-1)+Na(+1),8.3232,0.1,0.000211266,,2.31
goethite,alpha-FeOOH,Se(+4),ss00,ss00_f2be,9,Cl(-1)+Na(+1),8.5253,0.1,0.000206654,,2.31
goethite,alpha-FeOOH,Se(+4),ss00,ss00_f2be,10,Cl(-1)+Na(+1),8.7724,0.1,0.000195661,,2.31
goethite,alpha-FeOOH,Se(+4),ss00,ss00_f2be,11,Cl(-1)+Na(+1),9.3799,0.1,0.000109975,,2.31
goethite,alpha-FeOOH,Se(+4),ss00,ss00_f2be,12,Cl(-1)+Na(+1),10.9579,0.1,5.9449e-05,,2.31
goethite,alpha-FeOOH,Se(+4),ss00,ss00_f2be,13,Cl(-1)+Na(+1),11.2106,0.1,5.2093e-05,,2.31
goethite,alpha-FeOOH,Se(+4),ss00,ss00_f2be,14,Cl(-1)+Na(+1),11.6261,0.1,4.5594e-05,,2.31
goethite,alpha-FeOOH,Se(+4),ss00,ss00_f2bf,1,Cl(-1)+Na(+1),2.7036,0.01,0.000260349,,2.31
goethite,alpha-FeOOH,Se(+4),ss00,ss00_f2bf,2,Cl(-1)+Na(+1),3.7199,0.01,0.000238197,,2.31
goethite,alpha-FeOOH,Se(+4),ss00,ss00_f2bf,3,Cl(-1)+Na(+1),3.9672,0.01,0.0002172,,2.31
goethite,alpha-FeOOH,Se(+4),ss00,ss00_f2bf,4,Cl(-1)+Na(+1),4.983,0.01,0.000224153,,2.31
goethite,alpha-FeOOH,Se(+4),ss00,ss00_f2bf,5,Cl(-1)+Na(+1),7.3635,0.01,0.000199748,,2.31
goethite,alpha-FeOOH,Se(+4),ss00,ss00_f2bf,6,Cl(-1)+Na(+1),8.1214,0.01,0.000185864,,2.31
goethite,alpha-FeOOH,Se(+4),ss00,ss00_f2bf,7,Cl(-1)+Na(+1),8.5146,0.01,0.000171187,,2.31
goethite,alpha-FeOOH,Se(+4),ss00,ss00_f2bf,8,Cl(-1)+Na(+1),8.9308,0.01,0.000107389,,2.31
goethite,alpha-FeOOH,Se(+4),ss00,ss00_f2bf,9,Cl(-1)+Na(+1),11.0536,0.01,4.3957e-05,,2.31
goethite,alpha-FeOOH,Se(+4),ss00,ss00_f2bf,10,Cl(-1)+Na(+1),11.3343,0.01,3.6592e-05,,2.31
goethite,alpha-FeOOH,Se(+4),ss00,ss00_f2bf,11,Cl(-1)+Na(+1),11.7946,0.01,3.7355e-05,,2.31
goethite,alpha-FeOOH,Se(+4),ss00,ss00_f2bf,12,Cl(-1)+Na(+1),5.9601,0.01,0.000206561,,2.31
goethite,alpha-FeOOH,Se(+4),ss00,ss00_f2bf,13,Cl(-1)+Na(+1),3.0688,0.01,0.000240224,,2.31
goethite,FeOOH,Se(+4),lyt14,lyt14_t1a,1,Cl(-1)+Na(+1),7.13,0.01,1.287e-08,,2.31
goethite,FeOOH,Se(+4),lyt14,lyt14_t1a,2,Cl(-1)+Na(+1),7.46,0.01,1.287e-08,,2.31
goethite,FeOOH,Se(+4),lyt14,lyt14_t1a,3,Cl(-1)+Na(+1),8.27,0.01,1.248e-08,,2.31
goethite,FeOOH,Se(+4),lyt14,lyt14_t1a,4,Cl(-1)+Na(+1),9.08,0.01,1.235e-08,,2.31
goethite,FeOOH,Se(+4),lyt14,lyt14_t1a,5,Cl(-1)+Na(+1),9.23,0.01,1.248e-08,,2.31
goethite,FeOOH,Se(+4),lyt14,lyt14_t1a,6,Cl(-1)+Na(+1),10.27,0.01,1.17e-08,,2.31
goethite,FeOOH,Se(+4),lyt14,lyt14_t1a,7,Cl(-1)+Na(+1),10.62,0.01,1.105e-08,,2.31
goethite,FeOOH,Se(+4),lyt14,lyt14_t1a,8,Cl(-1)+Na(+1),11.46,0.01,2.86e-09,,2.31
goethite,FeOOH,Se(+4),lyt14,lyt14_t1a,9,Cl(-1)+Na(+1),12.05,0.01,7.8e-10,,2.31
goethite,FeOOH,Se(+4),lyt14,lyt14_t1a,10,Cl(-1)+Na(+1),12.5,0.01,1.43e-09,,2.31
goethite,FeOOH,Se(+4),lyt14,lyt14_t1b,1,Cl(-1)+Na(+1),7.28,0.1,1.287e-08,,2.31
goethite,FeOOH,Se(+4),lyt14,lyt14_t1b,2,Cl(-1)+Na(+1),8.02,0.1,1.287e-08,,2.31
goethite,FeOOH,Se(+4),lyt14,lyt14_t1b,3,Cl(-1)+Na(+1),9.45,0.1,1.248e-08,,2.31
goethite,FeOOH,Se(+4),lyt14,lyt14_t1b,4,Cl(-1)+Na(+1),9.54,0.1,1.248e-08,,2.31
goethite,FeOOH,Se(+4),lyt14,lyt14_t1b,5,Cl(-1)+Na(+1),10.33,0.1,1.196e-08,,2.31
goethite,FeOOH,Se(+4),lyt14,lyt14_t1b,6,Cl(-1)+Na(+1),10.72,0.1,1.001e-08,,2.31
goethite,FeOOH,Se(+4),lyt14,lyt14_t1b,7,Cl(-1)+Na(+1),11.23,0.1,5.2e-09,,2.31
goethite,FeOOH,Se(+4),lyt14,lyt14_t1b,8,Cl(-1)+Na(+1),11.62,0.1,2.08e-09,,2.31
goethite,FeOOH,Se(+4),lyt14,lyt14_t1b,9,Cl(-1)+Na(+1),12.17,0.1,1.3e-09,,2.31
goethite,FeOOH,Se(+4),lyt14,lyt14_t1b,10,Cl(-1)+Na(+1),12.53,0.1,5.2e-10,,2.31
goethite,FeOOH,Se(+4),lyt14,lyt14_t1c,1,Cl(-1)+Na(+1),7.12,1.0,1.274e-08,,2.31
goethite,FeOOH,Se(+4),lyt14,lyt14_t1c,2,Cl(-1)+Na(+1),8.0,1.0,1.261e-08,,2.31
goethite,FeOOH,Se(+4),lyt14,lyt14_t1c,3,Cl(-1)+Na(+1),8.33,1.0,1.274e-08,,2.31
goethite,FeOOH,Se(+4),lyt14,lyt14_t1c,4,Cl(-1)+Na(+1),8.47,1.0,1.274e-08,,2.31
goethite,FeOOH,Se(+4),lyt14,lyt14_t1c,5,Cl(-1)+Na(+1),10.23,1.0,1.144e-08,,2.31
goethite,FeOOH,Se(+4),lyt14,lyt14_t1c,6,Cl(-1)+Na(+1),10.55,1.0,1.014e-08,,2.31
goethite,FeOOH,Se(+4),lyt14,lyt14_t1c,7,Cl(-1)+Na(+1),11.36,1.0,2.73e-09,,2.31
goethite,FeOOH,Se(+4),lyt14,lyt14_t1c,8,Cl(-1)+Na(+1),11.47,1.0,1.95e-09,,2.31
goethite,FeOOH,Se(+4),lyt14,lyt14_t1c,9,Cl(-1)+Na(+1),11.51,1.0,2.21e-09,,2.31
goethite,FeOOH,Se(+4),lyt14,lyt14_t1c,10,Cl(-1)+Na(+1),11.66,1.0,1.69e-09,,2.31
goethite,FeOOH,Se(+4),lyt14,lyt14_t1c,11,Cl(-1)+Na(+1),11.73,1.0,1.82e-09,,2.31
goethite,FeOOH,Se(+4),lyt14,lyt14_t1c,12,Cl(-1)+Na(+1),11.75,1.0,2.34e-09,,2.31
goethite,FeOOH,Se(+4),lyt14,lyt14_t1c,13,Cl(-1)+Na(+1),12.18,1.0,1.3e-09,,2.31
goethite,FeOOH,Se(+4),lyt14,lyt14_t1c,14,Cl(-1)+Na(+1),12.41,1.0,9.1e-10,,2.31
goethite,FeOOH,Se(+4),lyt14,lyt14_t1c,15,Cl(-1)+Na(+1),12.59,1.0,1.3e-10,,2.31
goethite,alpha-FeOOH,Se(+4),hpq71,hpq71_f2cb,1,Cl(-1)+Na(+1)+P(+5),3.2285,0.10487500000000001,0.000818657,20.0,2.31
goethite,alpha-FeOOH,Se(+4),hpq71,hpq71_f2cb,2,Cl(-1)+Na(+1)+P(+5),4.3397,0.10487500000000001,0.000808995,20.0,2.31
goethite,alpha-FeOOH,Se(+4),hpq71,hpq71_f2cb,3,Cl(-1)+Na(+1)+P(+5),4.9479,0.10487500000000001,0.000783283,20.0,2.31
goethite,alpha-FeOOH,Se(+4),hpq71,hpq71_f2cb,4,Cl(-1)+Na(+1)+P(+5),6.1294,0.10487500000000001,0.000716269,20.0,2.31
goethite,alpha-FeOOH,Se(+4),hpq71,hpq71_f2cb,5,Cl(-1)+Na(+1)+P(+5),6.4672,0.10487500000000001,0.000702152,20.0,2.31
goethite,alpha-FeOOH,Se(+4),hpq71,hpq71_f2cb,6,Cl(-1)+Na(+1)+P(+5),6.7708,0.10487500000000001,0.000680997,20.0,2.31
goethite,alpha-FeOOH,Se(+4),hpq71,hpq71_f2cb,7,Cl(-1)+Na(+1)+P(+5),7.0076,0.10487500000000001,0.000677453,20.0,2.31
goethite,alpha-FeOOH,Se(+4),hpq71,hpq71_f2cb,8,Cl(-1)+Na(+1)+P(+5),7.4355,0.10487500000000001,0.000657291,20.0,2.31
goethite,alpha-FeOOH,Se(+4),hpq71,hpq71_f2cb,9,Cl(-1)+Na(+1)+P(+5),7.9195,0.10487500000000001,0.000632598,20.0,2.31
goethite,alpha-FeOOH,Se(+4),hpq71,hpq71_f2cb,10,Cl(-1)+Na(+1)+P(+5),8.2003,0.10487500000000001,0.000607923,20.0,2.31
goethite,alpha-FeOOH,Se(+4),hpq71,hpq71_f2cb,11,Cl(-1)+Na(+1)+P(+5),8.7334,0.10487500000000001,0.000552036,20.0,2.31
goethite,alpha-FeOOH,Se(+4),hpq71,hpq71_f2cb,12,Cl(-1)+Na(+1)+P(+5),9.007,0.10487500000000001,0.000499192,20.0,2.31
goethite,alpha-FeOOH,Se(+4),hpq71,hpq71_f2cb,13,Cl(-1)+Na(+1)+P(+5),9.2242,0.10487500000000001,0.000446857,20.0,2.31
goethite,alpha-FeOOH,Se(+4),hpq71,hpq71_f2cb,14,Cl(-1)+Na(+1)+P(+5),9.6213,0.10487500000000001,0.000379916,20.0,2.31
goethite,alpha-FeOOH,Se(+4),hpq71,hpq71_f2cb,15,Cl(-1)+Na(+1)+P(+5),9.9878,0.10487500000000001,0.00027173,20.0,2.31
goethite,alpha-FeOOH,Se(+4),hpq71,hpq71_f2cb,16,Cl(-1)+Na(+1)+P(+5),10.9097,0.10487500000000001,0.000102123,20.0,2.31
goethite,alpha-FeOOH,Se(+4),hpq71,hpq71_f2cc,1,Cl(-1)+Na(+1)+P(+5),3.1243,0.109625,0.000771886,20.0,2.31
goethite,alpha-FeOOH,Se(+4),hpq71,hpq71_f2cc,2,Cl(-1)+Na(+1)+P(+5),3.4294,0.109625,0.000778899,20.0,2.31
goethite,alpha-FeOOH,Se(+4),hpq71,hpq71_f2cc,3,Cl(-1)+Na(+1)+P(+5),4.3071,0.109625,0.000729016,20.0,2.31
goethite,alpha-FeOOH,Se(+4),hpq71,hpq71_f2cc,4,Cl(-1)+Na(+1)+P(+5),5.0331,0.109625,0.000691221,20.0,2.31
goethite,alpha-FeOOH,Se(+4),hpq71,hpq71_f2cc,5,Cl(-1)+Na(+1)+P(+5),5.6014,0.109625,0.000660482,20.0,2.31
goethite,alpha-FeOOH,Se(+4),hpq71,hpq71_f2cc,6,Cl(-1)+Na(+1)+P(+5),5.9325,0.109625,0.000628258,20.0,2.31
goethite,alpha-FeOOH,Se(+4),hpq71,hpq71_f2cc,7,Cl(-1)+Na(+1)+P(+5),6.6461,0.109625,0.000569839,20.0,2.31
goethite,alpha-FeOOH,Se(+4),hpq71,hpq71_f2cc,8,Cl(-1)+Na(+1)+P(+5),6.995,0.109625,0.000551193,20.0,2.31
goethite,alpha-FeOOH,Se(+4),hpq71,hpq71_f2cc,9,Cl(-1)+Na(+1)+P(+5),7.4455,0.109625,0.000531533,20.0,2.31
goethite,alpha-FeOOH,Se(+4),hpq71,hpq71_f2cc,10,Cl(-1)+Na(+1)+P(+5),7.9638,0.109625,0.000514885,20.0,2.31
goethite,alpha-FeOOH,Se(+4),hpq71,hpq71_f2cc,11,Cl(-1)+Na(+1)+P(+5),8.4352,0.109625,0.000467052,20.0,2.31
goethite,alpha-FeOOH,Se(+4),hpq71,hpq71_f2cc,12,Cl(-1)+Na(+1)+P(+5),8.8444,0.109625,0.00041671,20.0,2.31
goethite,alpha-FeOOH,Se(+4),hpq71,hpq71_f2cc,13,Cl(-1)+Na(+1)+P(+5),9.0278,0.109625,0.000363876,20.0,2.31
goethite,alpha-FeOOH,Se(+4),hpq71,hpq71_f2cc,14,Cl(-1)+Na(+1)+P(+5),9.3517,0.109625,0.000302475,20.0,2.31
goethite,alpha-FeOOH,Se(+4),hpq71,hpq71_f2cc,15,Cl(-1)+Na(+1)+P(+5),9.8199,0.109625,0.000197298,20.0,2.31
goethite,alpha-FeOOH,Se(+4),hpq71,hpq71_f2cc,16,Cl(-1)+Na(+1)+P(+5),10.514,0.109625,9.15971e-05,20.0,2.31
goethite,alpha-FeOOH,Se(+4),hpq71,hpq71_f2cd,1,Cl(-1)+Na(+1)+P(+5),3.144,0.116125,0.000719066,20.0,2.31
goethite,alpha-FeOOH,Se(+4),hpq71,hpq71_f2cd,2,Cl(-1)+Na(+1)+P(+5),3.6388,0.116125,0.000686825,20.0,2.31
goethite,alpha-FeOOH,Se(+4),hpq71,hpq71_f2cd,3,Cl(-1)+Na(+1)+P(+5),4.3255,0.116125,0.000652554,20.0,2.31
goethite,alpha-FeOOH,Se(+4),hpq71,hpq71_f2cd,4,Cl(-1)+Na(+1)+P(+5),5.0229,0.116125,0.000608725,20.0,2.31
goethite,alpha-FeOOH,Se(+4),hpq71,hpq71_f2cd,5,Cl(-1)+Na(+1)+P(+5),5.3375,0.116125,0.000581532,20.0,2.31
goethite,alpha-FeOOH,Se(+4),hpq71,hpq71_f2cd,6,Cl(-1)+Na(+1)+P(+5),6.0121,0.116125,0.000533681,20.0,2.31
goethite,alpha-FeOOH,Se(+4),hpq71,hpq71_f2cd,7,Cl(-1)+Na(+1)+P(+5),6.54,0.116125,0.000486346,20.0,2.31
goethite,alpha-FeOOH,Se(+4),hpq71,hpq71_f2cd,8,Cl(-1)+Na(+1)+P(+5),6.9396,0.116125,0.00046669,20.0,2.31
goethite,alpha-FeOOH,Se(+4),hpq71,hpq71_f2cd,9,Cl(-1)+Na(+1)+P(+5),7.3287,0.116125,0.000460114,20.0,2.31
goethite,alpha-FeOOH,Se(+4),hpq71,hpq71_f2cd,10,Cl(-1)+Na(+1)+P(+5),7.8235,0.116125,0.000428377,20.0,2.31
goethite,alpha-FeOOH,Se(+4),hpq71,hpq71_f2cd,11,Cl(-1)+Na(+1)+P(+5),8.2287,0.116125,0.000405702,20.0,2.31
goethite,alpha-FeOOH,Se(+4),hpq71,hpq71_f2cd,12,Cl(-1)+Na(+1)+P(+5),8.7168,0.116125,0.000355857,20.0,2.31
goethite,alpha-FeOOH,Se(+4),hpq71,hpq71_f2cd,13,Cl(-1)+Na(+1)+P(+5),9.0468,0.116125,0.000299486,20.0,2.31
goethite,alpha-FeOOH,Se(+4),hpq71,hpq71_f2cd,14,Cl(-1)+Na(+1)+P(+5),9.3259,0.116125,0.000242618,20.0,2.31
goethite,alpha-FeOOH,Se(+4),hpq71,hpq71_f2cd,15,Cl(-1)+Na(+1)+P(+5),9.7389,0.116125,0.000161088,20.0,2.31
goethite,alpha-FeOOH,Se(+4),hpq71,hpq71_f2ce,1,Cl(-1)+Na(+1)+P(+5),3.3367,0.13225,0.000632527,20.0,2.31
goethite,alpha-FeOOH,Se(+4),hpq71,hpq71_f2ce,2,Cl(-1)+Na(+1)+P(+5),3.8144,0.13225,0.00059576,20.0,2.31
goethite,alpha-FeOOH,Se(+4),hpq71,hpq71_f2ce,3,Cl(-1)+Na(+1)+P(+5),4.208,0.13225,0.00056856,20.0,2.31
goethite,alpha-FeOOH,Se(+4),hpq71,hpq71_f2ce,4,Cl(-1)+Na(+1)+P(+5),3.8122,0.13225,0.000554512,20.0,2.31
goethite,alpha-FeOOH,Se(+4),hpq71,hpq71_f2ce,5,Cl(-1)+Na(+1)+P(+5),4.8314,0.13225,0.000512162,20.0,2.31
goethite,alpha-FeOOH,Se(+4),hpq71,hpq71_f2ce,6,Cl(-1)+Na(+1)+P(+5),5.4106,0.13225,0.00047438,20.0,2.31
goethite,alpha-FeOOH,Se(+4),hpq71,hpq71_f2ce,7,Cl(-1)+Na(+1)+P(+5),5.737,0.13225,0.000458253,20.0,2.31
goethite,alpha-FeOOH,Se(+4),hpq71,hpq71_f2ce,8,Cl(-1)+Na(+1)+P(+5),6.0958,0.13225,0.000414958,20.0,2.31
goethite,alpha-FeOOH,Se(+4),hpq71,hpq71_f2ce,9,Cl(-1)+Na(+1)+P(+5),6.3984,0.13225,0.000374184,20.0,2.31
goethite,alpha-FeOOH,Se(+4),hpq71,hpq71_f2ce,10,Cl(-1)+Na(+1)+P(+5),7.0075,0.13225,0.000366581,20.0,2.31
goethite,alpha-FeOOH,Se(+4),hpq71,hpq71_f2ce,11,Cl(-1)+Na(+1)+P(+5),7.4187,0.13225,0.000352458,20.0,2.31
goethite,alpha-FeOOH,Se(+4),hpq71,hpq71_f2ce,12,Cl(-1)+Na(+1)+P(+5),7.909,0.13225,0.000339333,20.0,2.31
goethite,alpha-FeOOH,Se(+4),hpq71,hpq71_f2ce,13,Cl(-1)+Na(+1)+P(+5),8.3186,0.13225,0.000295531,20.0,2.31
goethite,alpha-FeOOH,Se(+4),hpq71,hpq71_f2ce,14,Cl(-1)+Na(+1)+P(+5),8.734,0.13225,0.000256255,20.0,2.31
goethite,alpha-FeOOH,Se(+4),hpq71,hpq71_f2ce,15,Cl(-1)+Na(+1)+P(+5),8.9304,0.13225,0.000235613,20.0,2.31
goethite,alpha-FeOOH,Se(+4),hpq71,hpq71_f2ce,16,Cl(-1)+Na(+1)+P(+5),9.2217,0.13225,0.00019484,20.0,2.31
goethite,alpha-FeOOH,Se(+4),hpq71,hpq71_f2ce,17,Cl(-1)+Na(+1)+P(+5),10.0181,0.13225,0.000105226,20.0,2.31
goethite,alpha-FeOOH,Se(+4),hpq71,hpq71_f2cf,1,Cl(-1)+Na(+1)+P(+5),3.6356,0.1645,0.000525857,20.0,2.31
goethite,alpha-FeOOH,Se(+4),hpq71,hpq71_f2cf,2,Cl(-1)+Na(+1)+P(+5),3.4032,0.1645,0.000506763,20.0,2.31
goethite,alpha-FeOOH,Se(+4),hpq71,hpq71_f2cf,3,Cl(-1)+Na(+1)+P(+5),3.5603,0.1645,0.000490149,20.0,2.31
goethite,alpha-FeOOH,Se(+4),hpq71,hpq71_f2cf,4,Cl(-1)+Na(+1)+P(+5),4.0904,0.1645,0.000483559,20.0,2.31
goethite,alpha-FeOOH,Se(+4),hpq71,hpq71_f2cf,5,Cl(-1)+Na(+1)+P(+5),4.0273,0.1645,0.000463947,20.0,2.31
goethite,alpha-FeOOH,Se(+4),hpq71,hpq71_f2cf,6,Cl(-1)+Na(+1)+P(+5),4.999,0.1645,0.000380352,20.0,2.31
goethite,alpha-FeOOH,Se(+4),hpq71,hpq71_f2cf,7,Cl(-1)+Na(+1)+P(+5),5.1569,0.1645,0.000376313,20.0,2.31
goethite,alpha-FeOOH,Se(+4),hpq71,hpq71_f2cf,8,Cl(-1)+Na(+1)+P(+5),5.5117,0.1645,0.000362698,20.0,2.31
goethite,alpha-FeOOH,Se(+4),hpq71,hpq71_f2cf,9,Cl(-1)+Na(+1)+P(+5),5.7139,0.1645,0.000345073,20.0,2.31
goethite,alpha-FeOOH,Se(+4),hpq71,hpq71_f2cf,10,Cl(-1)+Na(+1)+P(+5),5.7125,0.1645,0.000319419,20.0,2.31
goethite,alpha-FeOOH,Se(+4),hpq71,hpq71_f2cf,11,Cl(-1)+Na(+1)+P(+5),5.9216,0.1645,0.000325436,20.0,2.31
goethite,alpha-FeOOH,Se(+4),hpq71,hpq71_f2cf,12,Cl(-1)+Na(+1)+P(+5),5.83,0.1645,0.000302305,20.0,2.31
goethite,alpha-FeOOH,Se(+4),hpq71,hpq71_f2cf,13,Cl(-1)+Na(+1)+P(+5),6.2263,0.1645,0.000324401,20.0,2.31
goethite,alpha-FeOOH,Se(+4),hpq71,hpq71_f2cf,14,Cl(-1)+Na(+1)+P(+5),6.1511,0.1645,0.000290705,20.0,2.31
goethite,alpha-FeOOH,Se(+4),hpq71,hpq71_f2cf,15,Cl(-1)+Na(+1)+P(+5),6.6137,0.1645,0.000287643,20.0,2.31
goethite,alpha-FeOOH,Se(+4),hpq71,hpq71_f2cf,16,Cl(-1)+Na(+1)+P(+5),7.3077,0.1645,0.000285062,20.0,2.31
goethite,alpha-FeOOH,Se(+4),hpq71,hpq71_f2cf,17,Cl(-1)+Na(+1)+P(+5),7.9102,0.1645,0.000259351,20.0,2.31
goethite,alpha-FeOOH,Se(+4),hpq71,hpq71_f2cf,18,Cl(-1)+Na(+1)+P(+5),8.063,0.1645,0.000266882,20.0,2.31
goethite,alpha-FeOOH,Se(+4),hpq71,hpq71_f2cf,19,Cl(-1)+Na(+1)+P(+5),8.4843,0.1645,0.000230121,20.0,2.31
goethite,alpha-FeOOH,Se(+4),hpq71,hpq71_f2cf,20,Cl(-1)+Na(+1)+P(+5),8.596,0.1645,0.000208984,20.0,2.31
goethite,alpha-FeOOH,Se(+4),hpq71,hpq71_f2cf,21,Cl(-1)+Na(+1)+P(+5),8.8042,0.1645,0.000197897,20.0,2.31
goethite,alpha-FeOOH,Se(+4),hpq71,hpq71_f2cf,22,Cl(-1)+Na(+1)+P(+5),9.0576,0.1645,0.000188316,20.0,2.31
goethite,alpha-FeOOH,Se(+4),hpq71,hpq71_f2cf,23,Cl(-1)+Na(+1)+P(+5),8.9102,0.1645,0.000177263,20.0,2.31
goethite,alpha-FeOOH,Se(+4),hpq71,hpq71_f2cf,24,Cl(-1)+Na(+1)+P(+5),9.534,0.1645,0.000126901,20.0,2.31
goethite,alpha-FeOOH,Se(+4),hpq71,hpq71_f2cg,1,Cl(-1)+Na(+1)+P(+5),3.1368,0.26125,0.000384049,20.0,2.31
goethite,alpha-FeOOH,Se(+4),hpq71,hpq71_f2cg,2,Cl(-1)+Na(+1)+P(+5),3.638,0.26125,0.000364384,20.0,2.31
goethite,alpha-FeOOH,Se(+4),hpq71,hpq71_f2cg,3,Cl(-1)+Na(+1)+P(+5),4.2064,0.26125,0.000334149,20.0,2.31
goethite,alpha-FeOOH,Se(+4),hpq71,hpq71_f2cg,4,Cl(-1)+Na(+1)+P(+5),4.7791,0.26125,0.000279768,20.0,2.31
goethite,alpha-FeOOH,Se(+4),hpq71,hpq71_f2cg,5,Cl(-1)+Na(+1)+P(+5),5.173,0.26125,0.000260112,20.0,2.31
goethite,alpha-FeOOH,Se(+4),hpq71,hpq71_f2cg,6,Cl(-1)+Na(+1)+P(+5),5.3761,0.26125,0.000260093,20.0,2.31
goethite,alpha-FeOOH,Se(+4),hpq71,hpq71_f2cg,7,Cl(-1)+Na(+1)+P(+5),5.6059,0.26125,0.000230896,20.0,2.31
goethite,alpha-FeOOH,Se(+4),hpq71,hpq71_f2cg,8,Cl(-1)+Na(+1)+P(+5),5.6947,0.26125,0.000202718,20.0,2.31
goethite,alpha-FeOOH,Se(+4),hpq71,hpq71_f2cg,9,Cl(-1)+Na(+1)+P(+5),6.0222,0.26125,0.000204196,20.0,2.31
goethite,alpha-FeOOH,Se(+4),hpq71,hpq71_f2cg,10,Cl(-1)+Na(+1)+P(+5),7.0135,0.26125,0.000168891,20.0,2.31
goethite,alpha-FeOOH,Se(+4),hpq71,hpq71_f2cg,11,Cl(-1)+Na(+1)+P(+5),8.1204,0.26125,0.000181865,20.0,2.31
goethite,alpha-FeOOH,Se(+4),hpq71,hpq71_f2cg,12,Cl(-1)+Na(+1)+P(+5),8.6316,0.26125,0.000138556,20.0,2.31
goethite,alpha-FeOOH,Se(+4),hpq71,hpq71_f2cg,13,Cl(-1)+Na(+1)+P(+5),9.4235,0.26125,6.80574e-05,20.0,2.31
goethite,alpha-FeOOH,Se(+4),hpq71,hpq71_f2cg,14,Cl(-1)+Na(+1)+P(+5),10.6014,0.26125,3.87704e-05,20.0,2.31
goethite,alpha-FeOOH,Se(+4),hpq71,hpq71_f2cg,15,Cl(-1)+Na(+1)+P(+5),11.5373,0.26125,2.20825e-05,20.0,2.31
goethite,alpha-FeOOH,Se(+4),hpq71,hpq71_f2cg,16,Cl(-1)+Na(+1)+P(+5),12.0231,0.26125,2.95822e-05,20.0,2.31
goethite,alpha-FeOOH,Se(+4),dlfjr03,dlfjr03_f3a,1,N(+5)+Na(+1),8.907,0.13,1.91981e-05,,2.31
goethite,alpha-FeOOH,Se(+4),dlfjr03,dlfjr03_f3a,2,N(+5)+Na(+1),9.6438,0.13,1.35573e-05,,2.31
goethite,alpha-FeOOH,Se(+4),dlfjr03,dlfjr03_f3a,3,N(+5)+Na(+1),10.1891,0.13,7.44436e-06,,2.31
goethite,alpha-FeOOH,Se(+4),dlfjr03,dlfjr03_f3a,4,N(+5)+Na(+1),10.5954,0.13,2.97155e-06,,2.31
goethite,alpha-FeOOH,Se(+4),dlfjr03,dlfjr03_f3d,1,N(+5)+Na(+1),3.188,0.13,0.000253648,,2.31
goethite,alpha-FeOOH,Se(+4),dlfjr03,dlfjr03_f3d,2,N(+5)+Na(+1),4.8561,0.13,0.000221533,,2.31
goethite,alpha-FeOOH,Se(+4),dlfjr03,dlfjr03_f3d,3,N(+5)+Na(+1),6.9668,0.13,0.000175293,,2.31
goethite,alpha-FeOOH,Se(+4),dlfjr03,dlfjr03_f3d,4,N(+5)+Na(+1),7.3844,0.13,0.000144638,,2.31
goethite,alpha-FeOOH,Se(+4),dlfjr03,dlfjr03_f3d,5,N(+5)+Na(+1),7.9659,0.13,0.000127688,,2.31
goethite,alpha-FeOOH,Se(+4),dlfjr03,dlfjr03_f3d,6,N(+5)+Na(+1),8.6865,0.13,0.000103835,,2.31
goethite,alpha-FeOOH,Se(+4),dlfjr03,dlfjr03_f3d,7,N(+5)+Na(+1),9.0534,0.13,8.02224e-05,,2.31
goethite,alpha-FeOOH,Se(+4),dlfjr03,dlfjr03_f3d,8,N(+5)+Na(+1),9.5213,0.13,6.23983e-05,,2.31
goethite,alpha-FeOOH,Se(+4),dlfjr03,dlfjr03_f3d,9,N(+5)+Na(+1),10.1162,0.13,3.69484e-05,,2.31
goethite,alpha-FeOOH,Se(+4),dlfjr03,dlfjr03_f3d,10,N(+5)+Na(+1),10.4327,0.13,2.60657e-05,,2.31
goethite,alpha-FeOOH,Se(+4),dlfjr03,dlfjr03_f3d,11,N(+5)+Na(+1),11.0153,0.13,1.11533e-05,,2.31
goethite,alpha-FeOOH,Se(+4),dlfjr03,dlfjr03_f3d,12,N(+5)+Na(+1),11.4082,0.13,5.38694e-06,,2.31
goethite,alpha-FeOOH,Se(+4),dlfjr03,dlfjr03_f3d,13,N(+5)+Na(+1),11.9144,0.13,3.20767e-06,,2.31
goethite,alpha-FeOOH,Se(+4),dlfjr03,dlfjr03_f4a,1,N(+5)+Na(+1),8.8758,0.13,1.92088e-05,,2.31
goethite,alpha-FeOOH,Se(+4),dlfjr03,dlfjr03_f4a,2,N(+5)+Na(+1),9.6711,0.13,1.35191e-05,,2.31
goethite,alpha-FeOOH,Se(+4),dlfjr03,dlfjr03_f4a,3,N(+5)+Na(+1),10.2011,0.13,7.0801e-06,,2.31
goethite,alpha-FeOOH,Se(+4),dlfjr03,dlfjr03_f4a,4,N(+5)+Na(+1),10.5672,0.13,3.00164e-06,,2.31
goethite,alpha-FeOOH,Se(+4),dlfjr03,dlfjr03_f4d,1,N(+5)+Na(+1),3.1809,0.13,0.000254227,,2.31
goethite,alpha-FeOOH,Se(+4),dlfjr03,dlfjr03_f4d,2,N(+5)+Na(+1),4.8068,0.13,0.000225022,,2.31
goethite,alpha-FeOOH,Se(+4),dlfjr03,dlfjr03_f4d,3,N(+5)+Na(+1),6.9621,0.13,0.000176036,,2.31
goethite,alpha-FeOOH,Se(+4),dlfjr03,dlfjr03_f4d,4,N(+5)+Na(+1),7.4159,0.13,0.000146835,,2.31
goethite,alpha-FeOOH,Se(+4),dlfjr03,dlfjr03_f4d,5,N(+5)+Na(+1),7.9832,0.13,0.000127149,,2.31
goethite,alpha-FeOOH,Se(+4),dlfjr03,dlfjr03_f4d,6,N(+5)+Na(+1),8.6638,0.13,0.000102381,,2.31
goethite,alpha-FeOOH,Se(+4),dlfjr03,dlfjr03_f4d,7,N(+5)+Na(+1),9.0673,0.13,8.2035e-05,,2.31
goethite,alpha-FeOOH,Se(+4),dlfjr03,dlfjr03_f4d,8,N(+5)+Na(+1),9.5338,0.13,6.22512e-05,,2.31
goethite,alpha-FeOOH,Se(+4),dlfjr03,dlfjr03_f4d,9,N(+5)+Na(+1),10.0886,0.13,3.5942e-05,,2.31
goethite,alpha-FeOOH,Se(+4),dlfjr03,dlfjr03_f4d,10,N(+5)+Na(+1),10.4039,0.13,2.5358e-05,,2.31
goethite,alpha-FeOOH,Se(+4),dlfjr03,dlfjr03_f4d,11,N(+5)+Na(+1),11.0345,0.13,1.13328e-05,,2.31
goethite,alpha-FeOOH,Se(+4),dlfjr03,dlfjr03_f4d,12,N(+5)+Na(+1),11.4003,0.13,5.48502e-06,,2.31
goethite,alpha-FeOOH,Se(+4),dlfjr03,dlfjr03_f4d,13,N(+5)+Na(+1),11.8417,0.13,3.27048e-06,,2.31
goethite,alpha-FeOOH,Se(+4),hpl88,hpl88_f2aa,1,N(+5)+Na(+1),9.2621,13.0,9.79101e-05,,2.31
goethite,alpha-FeOOH,Se(+4),hpl88,hpl88_f2aa,2,N(+5)+Na(+1),10.2829,13.0,8.53264e-05,,2.31
goethite,alpha-FeOOH,Se(+4),hpl88,hpl88_f2aa,3,N(+5)+Na(+1),10.8866,13.0,4.60355e-05,,2.31
goethite,alpha-FeOOH,Se(+4),hpl88,hpl88_f2aa,4,N(+5)+Na(+1),11.2579,13.0,3.58727e-05,,2.31
goethite,alpha-FeOOH,Se(+4),hpl88,hpl88_f2aa,5,N(+5)+Na(+1),11.4825,13.0,1.38612e-05,,2.31
goethite,alpha-FeOOH,Se(+4),hpl88,hpl88_f2aa,6,N(+5)+Na(+1),11.6526,13.0,7.8106e-06,,2.31
goethite,alpha-FeOOH,Se(+4),hpl88,hpl88_f2aa,7,N(+5)+Na(+1),11.8925,13.0,3.6954e-06,,2.31
goethite,alpha-FeOOH,Se(+4),hpl88,hpl88_f2ab,1,N(+5)+Na(+1),8.9761,1.3,9.85786e-05,,2.31
goethite,alpha-FeOOH,Se(+4),hpl88,hpl88_f2ab,2,N(+5)+Na(+1),9.726,1.3,9.83064e-05,,2.31
goethite,alpha-FeOOH,Se(+4),hpl88,hpl88_f2ab,3,N(+5)+Na(+1),10.2363,1.3,9.37396e-05,,2.31
goethite,alpha-FeOOH,Se(+4),hpl88,hpl88_f2ab,4,N(+5)+Na(+1),10.7004,1.3,7.90415e-05,,2.31
goethite,alpha-FeOOH,Se(+4),hpl88,hpl88_f2ab,5,N(+5)+Na(+1),11.0178,1.3,5.89636e-05,,2.31
goethite,alpha-FeOOH,Se(+4),hpl88,hpl88_f2ab,6,N(+5)+Na(+1),11.3275,1.3,3.60831e-05,,2.31
goethite,alpha-FeOOH,Se(+4),hpl88,hpl88_f2ab,7,N(+5)+Na(+1),11.5518,1.3,2.29125e-05,,2.31
goethite,alpha-FeOOH,Se(+4),hpl88,hpl88_f2ab,8,N(+5)+Na(+1),11.6293,1.3,2.05347e-05,,2.31
goethite,alpha-FeOOH,Se(+4),hpl88,hpl88_f2ac,1,N(+5)+Na(+1),9.9656,0.065,9.74258e-05,,2.31
goethite,alpha-FeOOH,Se(+4),hpl88,hpl88_f2ac,2,N(+5)+Na(+1),10.244,0.065,9.46015e-05,,2.31
goethite,alpha-FeOOH,Se(+4),hpl88,hpl88_f2ac,3,N(+5)+Na(+1),10.5302,0.065,8.89735e-05,,2.31
goethite,alpha-FeOOH,Se(+4),hpl88,hpl88_f2ac,4,N(+5)+Na(+1),10.6926,0.065,8.07671e-05,,2.31
goethite,alpha-FeOOH,Se(+4),hpl88,hpl88_f2ac,5,N(+5)+Na(+1),10.9171,0.065,6.78122e-05,,2.31
goethite,alpha-FeOOH,Se(+4),hpl88,hpl88_f2ac,6,N(+5)+Na(+1),11.0642,0.065,5.59412e-05,,2.31
goethite,alpha-FeOOH,Se(+4),hpl88,hpl88_f2ac,7,N(+5)+Na(+1),11.3197,0.065,3.54368e-05,,2.31
goethite,alpha-FeOOH,Se(+4),hpl88,hpl88_f2ac,8,N(+5)+Na(+1),11.6139,0.065,1.40669e-05,,2.31
goethite,alpha-FeOOH,Se(+4),hpl88,hpl88_f2ac,9,N(+5)+Na(+1),11.8615,0.065,7.7948e-06,,2.31
goethite,alpha-FeOOH,Se(+4),hrbhl87,hrbhl87_f2a,1,N(+5)+Na(+1),7.4375,13.0,9.88689e-05,,2.31
goethite,alpha-FeOOH,Se(+4),hrbhl87,hrbhl87_f2a,2,N(+5)+Na(+1),9.2678,13.0,9.78666e-05,,2.31
goethite,alpha-FeOOH,Se(+4),hrbhl87,hrbhl87_f2a,3,N(+5)+Na(+1),10.2951,13.0,8.53281e-05,,2.31
goethite,alpha-FeOOH,Se(+4),hrbhl87,hrbhl87_f2a,4,N(+5)+Na(+1),10.8907,13.0,4.59199e-05,,2.31
goethite,alpha-FeOOH,Se(+4),hrbhl87,hrbhl87_f2a,5,N(+5)+Na(+1),11.2355,13.0,3.65668e-05,,2.31
goethite,alpha-FeOOH,Se(+4),hrbhl87,hrbhl87_f2a,6,N(+5)+Na(+1),11.4783,13.0,1.41102e-05,,2.31
goethite,alpha-FeOOH,Se(+4),hrbhl87,hrbhl87_f2a,7,N(+5)+Na(+1),11.6596,13.0,8.3025e-06,,2.31
goethite,alpha-FeOOH,Se(+4),hrbhl87,hrbhl87_f2a,8,N(+5)+Na(+1),11.8776,13.0,4.2759e-06,,2.31
goethite,alpha-FeOOH,Se(+4),hrbhl87,hrbhl87_f2c,1,N(+5)+Na(+1),6.709,1.3,9.96257e-05,,2.31
goethite,alpha-FeOOH,Se(+4),hrbhl87,hrbhl87_f2c,2,N(+5)+Na(+1),6.964,1.3,9.89969e-05,,2.31
goethite,alpha-FeOOH,Se(+4),hrbhl87,hrbhl87_f2c,3,N(+5)+Na(+1),7.902,1.3,9.90634e-05,,2.31
goethite,alpha-FeOOH,Se(+4),hrbhl87,hrbhl87_f2c,4,N(+5)+Na(+1),8.9855,1.3,9.83316e-05,,2.31
goethite,alpha-FeOOH,Se(+4),hrbhl87,hrbhl87_f2c,5,N(+5)+Na(+1),9.7412,1.3,9.72533e-05,,2.31
goethite,alpha-FeOOH,Se(+4),hrbhl87,hrbhl87_f2c,6,N(+5)+Na(+1),10.0326,1.3,9.71123e-05,,2.31
goethite,alpha-FeOOH,Se(+4),hrbhl87,hrbhl87_f2c,7,N(+5)+Na(+1),10.278,1.3,9.34109e-05,,2.31
goethite,alpha-FeOOH,Se(+4),hrbhl87,hrbhl87_f2c,8,N(+5)+Na(+1),10.7314,1.3,7.9215e-05,,2.31
goethite,alpha-FeOOH,Se(+4),hrbhl87,hrbhl87_f2c,9,N(+5)+Na(+1),11.0109,1.3,5.91863e-05,,2.31
goethite,alpha-FeOOH,Se(+4),hrbhl87,hrbhl87_f2c,10,N(+5)+Na(+1),11.3083,1.3,3.59252e-05,,2.31
goethite,alpha-FeOOH,Se(+4),hrbhl87,hrbhl87_f2c,11,N(+5)+Na(+1),11.5525,1.3,2.36547e-05,,2.31
goethite,alpha-FeOOH,Se(+4),hrbhl87,hrbhl87_f2c,12,N(+5)+Na(+1),11.5977,1.3,2.12327e-05,,2.31
goethite,alpha-FeOOH,Se(+4),hrbhl87,hrbhl87_f2c,13,N(+5)+Na(+1),11.878,1.3,7.5096e-06,,2.31
goethite,alpha-FeOOH,Se(+4),hrbhl87,hrbhl87_f2f,1,N(+5)+Na(+1),10.0053,0.0875,9.7272e-05,,2.31
goethite,alpha-FeOOH,Se(+4),hrbhl87,hrbhl87_f2f,2,N(+5)+Na(+1),10.2417,0.0875,9.47018e-05,,2.31
goethite,alpha-FeOOH,Se(+4),hrbhl87,hrbhl87_f2f,3,N(+5)+Na(+1),10.5413,0.0875,8.85791e-05,,2.31
goethite,alpha-FeOOH,Se(+4),hrbhl87,hrbhl87_f2f,4,N(+5)+Na(+1),10.9302,0.0875,6.79114e-05,,2.31
goethite,alpha-FeOOH,Se(+4),hrbhl87,hrbhl87_f2f,5,N(+5)+Na(+1),11.0925,0.0875,5.61201e-05,,2.31
goethite,alpha-FeOOH,Se(+4),hrbhl87,hrbhl87_f2f,6,N(+5)+Na(+1),11.3977,0.0875,2.3967e-05,,2.31
goethite,alpha-FeOOH,Se(+4),hrbhl87,hrbhl87_f2f,7,N(+5)+Na(+1),11.8418,0.0875,8.3154e-06,,2.31
